0 of 63 still need fetching
=== ANALYZE (all new brands) ===
>> MuscleBlaze: 0 new / 52 ads
>> Optimum Nutrition: 0 new / 49 ads
>> Myprotein: 0 new / 43 ads
>> The Whole Truth Foods: 0 new / 39 ads
>> Yogabar: 0 new / 21 ads
>> Fast&Up India: 0 new / 19 ads
>> Minimalist: 0 new / 20 ads
>> Dot & Key: 0 new / 19 ads
>> Foxtale: 0 new / 10 ads
>> Aqualogica: 0 new / 61 ads
>> Pilgrim: 0 new / 39 ads
>> The Derma Co: 0 new / 17 ads
>> Plum Goodness: 0 new / 20 ads
>> Mamaearth: 0 new / 25 ads
>> Inde Wild: 0 new / 8 ads
>> Dr Sheths: 0 new / 17 ads
>> Hyphen Skincare: 0 new / 22 ads
>> Conscious Chemist: 24 new / 24 ads
   [1/24] 768969136238014  strength=0.9  candidate:Before-After User Transformation with Product  fits=no
   [2/24] 1769187557765313  strength=0.8  candidate:Product Duo with Efficacy Callouts & Bubbles  fits=conditional
   [3/24] 2842378326160871  strength=0.7  candidate:Product Pair with Promotional Offer  fits=conditional
   [4/24] 28418284354439242  strength=0.7  candidate:Product Duo with Benefit & Feature Callouts  fits=conditional
   [5/24] 2508531352940570  strength=0.8  candidate:Before-After User Transformation with Product  fits=no
   [6/24] 1600526978161339  strength=0.6  candidate:Product Stack Showcase with Urgency  fits=conditional
   [7/24] 1597464998429550  strength=0.7  candidate:Product Pair with Promotional Offer  fits=yes
   [8/24] 1788128632879655  strength=0.7  candidate:Product Pair with Promotional Offer  fits=yes
   [9/24] 1599265371926243  strength=0.7  candidate:Product Trio with Value Offer & Cost Comparison  fits=conditional
   [10/24] 1400903558622132  strength=0.7  candidate:Product Stack Showcase with Promotional Offer  fits=yes
   [11/24] 1350567987064560  strength=0.7  candidate:Product Stack Showcase with Urgency  fits=yes
   [12/24] 2850312345334222  strength=0.8  candidate:Problem-Solution: Ineffective Protection  fits=conditional
   [13/24] 2297236397754208  strength=0.7  candidate:Product Pair with Promotional Offer  fits=yes
   [14/24] 1067366322846427  strength=0.8  candidate:Problem-Solution: Ineffective Protection  fits=conditional
   [15/24] 2249646835828832  strength=0.7  candidate:Product Stack with Urgency Offer  fits=conditional
   [16/24] 1373567998216949  strength=0.7  candidate:Product Stack Showcase with Urgency Offer  fits=conditional
   [17/24] 1037955659032830  strength=0.7  candidate:Product Stack Showcase with Promotional Offer  fits=conditional
   [18/24] 1101102572604835  strength=0.7  candidate:Product Trio in Application Setting  fits=conditional
   [19/24] 1728278171787931  strength=0.8  candidate:Product vs. Others Feature Comparison Table  fits=conditional
   [20/24] 4105905439709898  strength=0.8  candidate:Product Duo with Efficacy Callouts & Bubbles  fits=conditional
   [21/24] 3733126146836860  strength=0.8  candidate:Internal Pain Visualization with Solution  fits=conditional
   [22/24] 1484207046802516  strength=0.8  candidate:Internal Problem Visualization with Solution  fits=conditional
   [23/24] 2338183437010038  strength=0.8  candidate:Internal Problem Visualization with Solution  fits=no
   [24/24] 853316034515830  strength=0.9  candidate:Before-After User Transformation with Product  fits=no
>> Biotique: 23 new / 23 ads
   [1/23] 1057036013363659  strength=0.7  candidate:Hero Product with Raw Ingredient Display  fits=yes
   [2/23] 4462501507412309  strength=0.7  candidate:Confident User with Product & Benefit Callouts  fits=conditional
   [3/23] 1365442452422577  strength=0.9  candidate:Before-After User Transformation with Product  fits=conditional
   [4/23] 1596770645531728  strength=0.8  candidate:Product with Benefit & Feature Callouts  fits=yes
   [5/23] 4413341978980976  strength=0.6  candidate:Hero Product with Confident User & Feature Callouts  fits=conditional
   [6/23] 2477305142760232  strength=0.8  candidate:Scientific Proof with Raw Ingredients  fits=conditional
   [7/23] 2486042985224580  strength=0.6  candidate:Product with User & Feature Callouts  fits=yes
   [8/23] 1770859830480436  strength=0.8  candidate:Confident User with Product & Brand Authority  fits=conditional
   [9/23] 1097258016547144  strength=0.8  candidate:Hero Product with Raw Ingredient Display  fits=yes
   [10/23] 1418202683570035  strength=0.8  candidate:Scientific Proof with Natural Ingredients  fits=conditional
   [11/23] 1419459966779892  strength=0.8  candidate:Product Immersed in Natural Essence  fits=yes
   [12/23] 969331119516757  strength=0.8  candidate:Product Immersed in Natural Essence  fits=yes
   [13/23] 1078395618420236  strength=0.9  candidate:Before-After User Transformation with Product  fits=conditional
   [14/23] 915666361246123  strength=0.8  candidate:Product Immersed in Natural Essence  fits=yes
   [15/23] 1004631035369091  strength=0.9  candidate:Before-After User Transformation with Product  fits=conditional
   [16/23] 1063544606297564  strength=0.7  candidate:Product with Floating Benefits on Water  fits=conditional
   [17/23] 1072869265476142  strength=0.8  candidate:Hero Product with Raw Ingredient Piles  fits=yes
   [18/23] 2287550672009689  strength=0.8  candidate:Confident User with Product & Benefit Callouts  fits=conditional
   [19/23] 1459726472747137  strength=0.9  candidate:Before-After User Transformation with Product  fits=conditional
   [20/23] 1600432671675962  strength=0.8  candidate:Testimonial with Product & Ingredient Callouts  fits=conditional
   [21/23] 1783312909530928  strength=0.9  candidate:Before-After User Transformation with Product  fits=no
   [22/23] 1112617077997953  strength=0.8  candidate:Before-After User Transformation with Product  fits=conditional
   [23/23] 1621571509711314  strength=0.8  candidate:Before-After User Transformation with Product  fits=conditional
>> Forest Essentials: 32 new / 32 ads
   [1/32] 1081346414423389  strength=0.8  candidate:Confident User with Product & Brand Authority  fits=conditional
   [2/32] 1785079839293228  strength=0.7  candidate:Hero Product with Application & Ingredient Visuals  fits=conditional
   [3/32] 28170019955958351  strength=0.7  candidate:Confident User with Product & Brand Authority  fits=conditional
   [4/32] 1774506380260672  strength=0.8  candidate:Sustainable Luxury Lifestyle  fits=conditional
   [5/32] 909305055307458  strength=0.7  candidate:Confident User with Product & Brand Authority  fits=yes
   [6/32] 937953062682921  strength=0.7  candidate:Hero Product with Ingredient Callout & Benefit  fits=yes
   [7/32] 2081247102761549  strength=0.8  candidate:Statistical Proof with Product & Tool  fits=no
   [8/32] 1780502069624644  strength=0.8  candidate:Product with Performance Statistic  fits=conditional
   [9/32] 2566484243791823  strength=0.6  candidate:Confident User with Product & Brand Authority  fits=conditional
   [10/32] 1637404904770736  strength=0.8  candidate:Confident User with Traditional Ritual & Product Line  fits=yes
   [11/32] 1729519845001396  strength=0.7  candidate:Confident User with Product & Brand Authority  fits=yes
   [12/32] 1089376850235266  strength=0.7  candidate:Floating Product Array in Hands  fits=conditional
   [13/32] 2866818580341844  strength=0.6  candidate:Confident User with Product & Brand Authority  fits=conditional
   [14/32] 27552537571090107  strength=0.7  candidate:Hero Product with Luminous Aura & Credibility Badges  fits=conditional
   [15/32] 4574588659354558  strength=0.8  candidate:Confident User with Product & Brand Authority  fits=conditional
   [16/32] 1556905445611435  strength=0.8  candidate:Confident User with Product & Brand Authority  fits=conditional
   [17/32] 1591500362452875  strength=0.8  candidate:Hero Product with Raw Ingredient Piles  fits=yes
   [18/32] 1489494139975884  strength=0.8  candidate:Product Line with Ingredient & Texture Callouts  fits=yes
   [19/32] 1546688626720915  strength=0.7  candidate:Hero Product with Ingredient & Application Focus  fits=conditional
   [20/32] 1766185101081510  strength=0.7  candidate:Product Array in Hands  fits=conditional
   [21/32] 1761442681858785  strength=0.8  candidate:Product with Benefit & Feature Callouts  fits=yes
   [22/32] 4544377109175965  strength=0.8  candidate:Confident User with Product Ritual & Traditional Authority  fits=conditional
   [23/32] 1705145657234477  strength=0.7  candidate:Product Application with Ingredient Visual  fits=conditional
   [24/32] 28529000056752236  strength=0.8  candidate:Confident User with Product & Brand Authority  fits=yes
   [25/32] 869671946114103  strength=0.7  candidate:Hero Product with Floating Ingredients & Names  fits=yes
   [26/32] 1610074847378355  strength=0.7  candidate:Hero Product with Ingredient & Benefit Callouts  fits=yes
   [27/32] 1427596025902075  strength=0.6  candidate:Hero Product with Raw Ingredient Display  fits=yes
   [28/32] 1475494731079625  strength=0.8  candidate:Travel-Sized Everyday Luxuries  fits=conditional
   [29/32] 2092846958104619  strength=0.8  candidate:Confident User with Product & Brand Authority  fits=conditional
   [30/32] 1605466164348608  strength=0.8  candidate:Product with Benefit & Feature Callouts  fits=conditional
   [31/32] 1338538857809443  strength=0.7  candidate:Lifestyle with Value-Add Offer  fits=yes
   [32/32] 1950802332547662  strength=0.6  candidate:Premium Product Showcase for Gifting  fits=conditional
>> Kama Ayurveda: 23 new / 23 ads
   [1/23] 1755658175744854  strength=0.7  candidate:Product Stack Showcase with Offer  fits=yes
   [2/23] 2144841959717787  strength=0.7  candidate:Product Stack Showcase with Offer  fits=yes
   [3/23] 2033052240658243  strength=0.8  botanical-habitat  fits=yes
   [4/23] 1113250401177309  strength=0.8  candidate:Confident User with Product & Benefit Callouts  fits=conditional
   [5/23] 1118992930666139  strength=0.7  candidate:Product Stack Showcase  fits=yes
   [6/23] 1567653771726191  strength=0.7  candidate:Hero Ingredient Immersion  fits=yes
   [7/23] 1400425998155958  strength=0.6  candidate:Product Stack Showcase with Offer  fits=yes
   [8/23] 27975650142131590  strength=0.6  candidate:Product Stack Showcase  fits=yes
   [9/23] 1389555076646818  strength=0.8  candidate:Confident User with Product & Benefit Callouts  fits=conditional
   [10/23] 2889582408070428  strength=0.6  candidate:Product Stack Showcase with Offer  fits=yes
   [11/23] 1104195312181510  strength=0.8  candidate:Confident User with Product & Benefit Callouts  fits=conditional
   [12/23] 1075593408390338  strength=0.7  candidate:Product Stack Showcase with Offer  fits=yes
   [13/23] 1792237702199126  strength=0.8  candidate:Confident User with Product & Benefit Callouts  fits=conditional
   [14/23] 1755063269077034  strength=0.8  botanical-habitat  fits=yes
   [15/23] 1443516624430214  strength=0.8  candidate:Confident User with Product & Benefit Callouts  fits=conditional
   [16/23] 2435021380660119  strength=0.8  candidate:Confident User with Product & Benefit Callouts  fits=conditional
   [17/23] 28248389941438192  strength=0.8  candidate:Confident Users with Product & Quantified Benefit  fits=conditional
   [18/23] 1434886275213737  strength=0.8  candidate:Confident Users with Product & Performance Metrics  fits=conditional
   [19/23] 1774499107087162  strength=0.8  botanical-habitat  fits=yes
   [20/23] 1446713790120821  strength=0.8  candidate:Confident Users with Product & Performance Metrics  fits=conditional
   [21/23] 1387636696275962  strength=0.8  candidate:Confident User with Product & Benefit Callouts  fits=conditional
   [22/23] 2560193247785813  strength=0.8  candidate:Confident User with Product & Benefit Callouts  fits=conditional
   [23/23] 1063799009869085  strength=0.8  candidate:Confident User with Product & Benefit Callouts  fits=conditional
>> SUGAR Cosmetics: 46 new / 46 ads
   [1/46] 1084752740630115  strength=None  noise (?)  fits=None
   [2/46] 1011759818235080  strength=None  noise (?)  fits=None
   [3/46] 3288945491297582  strength=None  noise (?)  fits=None
   [4/46] 1847414779581304  strength=None  noise (?)  fits=None
   [5/46] 1089828603757336  strength=None  noise (?)  fits=None
   [6/46] 2501155987027645  strength=None  noise (?)  fits=None
   [7/46] 1081143228218357  strength=None  noise (?)  fits=None
   [8/46] 1034347346313961  strength=None  noise (?)  fits=None
   [9/46] 1783489456022133  strength=0.7  candidate:Product Assortment as Gift  fits=conditional
   [10/46] 983059074799410  strength=0.7  candidate:Indulgent Consumption with Aspirational Outcome  fits=conditional
   [11/46] 1378663531054817  strength=0.8  candidate:Product Assortment as Gift  fits=conditional
   [12/46] 1654969905995170  strength=0.7  candidate:Product Pair with Promotional Offer  fits=conditional
   [13/46] 1384352667246706  strength=0.8  candidate:Product with User Testimonials & Offer  fits=conditional
   [14/46] 956136724195115  strength=0.7  candidate:Product as Ideal Gift  fits=conditional
   [15/46] 1472210471398049  strength=0.7  candidate:Product with Benefit & Feature Callouts  fits=conditional
   [16/46] 1574874830775932  strength=0.8  candidate:Product with Curated Testimonials & Offer  fits=conditional
   [17/46] 1688893452178136  strength=0.7  candidate:Product Pair with Promotional Offer  fits=conditional
   [18/46] 2175967966666699  strength=0.8  candidate:Shade Swatch on Diverse Skin Tones  fits=no
   [19/46] 2176127586283639  strength=0.7  candidate:Confident User with Product & Brand Authority  fits=conditional
   [20/46] 1065715219377343  strength=0.7  candidate:Product Kit on Pedestals with Swatches  fits=conditional
   [21/46] 1489469626533711  strength=0.8  candidate:Before-After User Transformation with Product  fits=no
   [22/46] 3189820078075982  strength=0.7  candidate:Confident User with Product & Brand Authority  fits=conditional
   [23/46] 1974638233247077  strength=0.7  candidate:Product with Benefit & Feature Callouts  fits=conditional
   [24/46] 1371931154567240  strength=0.7  candidate:Product Assortment with Festive Offer  fits=conditional
   [25/46] 4308400116138847  strength=0.8  candidate:Before-After User Transformation with Product  fits=no
   [26/46] 1077856674649360  strength=0.7  candidate:Product Kit with Festive Ambiance & Offer  fits=conditional
   [27/46] 2134862170757219  strength=0.7  candidate:Festive Kit with Bonus Item  fits=conditional
   [28/46] 2152339062293979  strength=0.7  candidate:Confident User with Product & Benefit Callouts  fits=no
   [29/46] 2236370033867586  strength=0.7  candidate:Product in Challenging Environment  fits=conditional
   [30/46] 1719580309320404  strength=0.7  candidate:Confident User with Product & Brand Authority  fits=conditional
   [31/46] 3694997953988320  strength=0.7  candidate:Confident User with Product & Brand Authority  fits=conditional
   [32/46] 1089608044001666  strength=0.7  candidate:Product in Challenging Environment  fits=conditional
   [33/46] 1648953483320466  strength=0.4  candidate:Product Stack Showcase with Offer  fits=yes
   [34/46] 1643638190761130  strength=0.7  candidate:Product with Value-Add Gift Offer  fits=yes
   [35/46] 1086299720571315  strength=0.6  candidate:Product Kit with Festive Ambiance & Offer  fits=conditional
   [36/46] 1086138890602324  strength=0.4  candidate:Product Showcase with Price Drop Alert  fits=conditional
   [37/46] 2288128225354546  strength=0.6  candidate:Hero Product with Aspirational Application  fits=conditional
   [38/46] 842366095569165  strength=0.8  candidate:Confident User with Product & Benefit Callouts  fits=yes
   [39/46] 1029347059929201  strength=0.8  candidate:Shared Joy & Connection  fits=yes
   [40/46] 1723419738864144  strength=0.8  candidate:Aspirational Lifestyle with Product & Benefit  fits=conditional
   [41/46] 1776063076912527  strength=0.7  candidate:Joyful Celebration with Community  fits=conditional
   [42/46] 916568311507987  strength=0.8  candidate:Shared Moments & Connection  fits=yes
   [43/46] 2444035279417061  strength=0.7  candidate:Perfectly Applied Product Close-up  fits=no
   [44/46] 1024749740152972  strength=0.7  candidate:Confident User with Product Array  fits=conditional
   [45/46] 1041352625296848  strength=0.8  candidate:Confident User with Product & Brand Authority  fits=conditional
   [46/46] 1688024182298973  strength=0.7  candidate:Confident User with Product & Brand Authority  fits=conditional
>> Swiss Beauty: 32 new / 32 ads
   [1/32] 27631892073140425  strength=0.7  candidate:Product Stack Showcase with Offer  fits=conditional
   [2/32] 2414583918952711  strength=0.7  candidate:Product Pair with Promotional Offer  fits=conditional
   [3/32] 1671161593909548  strength=0.7  candidate:Product Stack Showcase with Offer  fits=conditional
   [4/32] 1320879526526984  strength=0.7  candidate:Product Stack Showcase with Offer  fits=conditional
   [5/32] 376680092149438  strength=0.7  candidate:Product Lineup with Aspirational Benefit  fits=conditional
   [6/32] 2211117123021221  strength=0.7  candidate:Product Pair with Promotional Offer  fits=conditional
   [7/32] 733651163074958  strength=0.7  candidate:Product Stack Showcase with Offer  fits=yes
   [8/32] 1009831731826367  strength=0.7  candidate:Product Stack Showcase with Offer  fits=conditional
   [9/32] 1368996595167503  strength=0.7  candidate:Product Stack Showcase with Offer  fits=conditional
   [10/32] 1047751918107501  strength=0.7  candidate:Lifestyle with Value-Add Offer  fits=conditional
   [11/32] 2206317800201376  strength=0.6  candidate:Product Stack Showcase with Offer  fits=conditional
   [12/32] 2207296283447295  strength=0.7  candidate:Product Pair with Promotional Offer  fits=conditional
   [13/32] 1566573718187812  strength=0.7  candidate:Product Stack Showcase with Offer  fits=conditional
   [14/32] 938809292453012  strength=0.7  candidate:Product Stack Showcase with Offer  fits=conditional
   [15/32] 1498381902309375  strength=0.7  candidate:Product Stack Showcase with Offer  fits=yes
   [16/32] 1677727557653435  strength=0.8  candidate:Confident User with Product & Promotional Offer  fits=conditional
   [17/32] 1542899620655206  strength=0.8  candidate:Confident User with Product & Promotional Offer  fits=conditional
   [18/32] 1649814189872026  strength=0.7  candidate:Lifestyle with Value-Add Offer  fits=conditional
   [19/32] 1687451939025394  strength=0.7  candidate:Product Pair with Promotional Offer  fits=yes
   [20/32] 28332088043081816  strength=0.7  candidate:Product Playful Arrangement with Offer  fits=conditional
   [21/32] 952610387665274  strength=0.7  candidate:Product Stack Showcase with Offer  fits=conditional
   [22/32] 1253352261197364  strength=0.6  candidate:Product Stack Showcase with Offer  fits=conditional
   [23/32] 984102888051717  strength=0.8  candidate:Confident User with Product & Promotional Offer  fits=conditional
   [24/32] 1713130979997310  strength=0.7  candidate:Product Stack Showcase with Offer  fits=conditional
   [25/32] 1842269233411989  strength=0.8  candidate:User Testimonial with Product  fits=conditional
   [26/32] 1931389494439240  strength=0.1  noise (text-post)  fits=yes
   [27/32] 2047778456620116  strength=0.7  candidate:Lifestyle with Value-Add Offer  fits=conditional
   [28/32] 2485485885234502  strength=0.4  candidate:Promotional Offer Callout  fits=yes
   [29/32] 2252023962306325  strength=0.7  candidate:Confident User with Product & Promotional Offer  fits=conditional
   [30/32] 2179795665911682  strength=0.6  candidate:Discount Splash  fits=conditional
   [31/32] 2591406797967263  strength=0.7  candidate:Confident User with Product & Benefit Callouts  fits=conditional
   [32/32] 1331907762070995  strength=0.7  candidate:Confident User with Product & Brand Authority  fits=yes
>> Lakme India: 11 new / 11 ads
   [1/11] 2052336405402707  strength=0.6  candidate:Product with Coordinated Elements Showcase  fits=no
   [2/11] 998038033287406  strength=0.6  candidate:Product Showcase with Transparency & Protection  fits=no
   [3/11] 2164233421115403  strength=0.8  candidate:Problem Eradication with Celebration  fits=conditional
   [4/11] 3274207302764551  strength=0.8  candidate:Problem Eradication with Celebration  fits=conditional
   [5/11] 1836329527203750  strength=0.8  candidate:Problem Eradication with Celebration  fits=conditional
   [6/11] 1403104845329513  strength=0.8  candidate:Problem Eradication with Celebration  fits=conditional
   [7/11] 1319581483680125  strength=0.8  candidate:Aspirational User with Career Transformation Offer  fits=conditional
   [8/11] 4437460539834251  strength=0.6  candidate:Product with Transparent Protection  fits=no
   [9/11] 1769690317406441  strength=0.7  candidate:Tiered Cashback Offer with Urgency  fits=no
   [10/11] 1398393095093443  strength=0.8  candidate:Problem Eradication with Celebration  fits=conditional
   [11/11] 4470233443214783  strength=0.8  candidate:Problem Eradication with Celebration  fits=conditional
>> Nykaa Cosmetics: 46 new / 46 ads
   [1/46] 1392195706334896  strength=0.7  candidate:Product with Multiple User Swatches & Offer  fits=no
   [2/46] 1587012246368723  strength=0.7  candidate:Lifestyle with Value-Add Offer  fits=conditional
   [3/46] 1762288524960098  strength=0.8  candidate:Expert Application for Special Occasion  fits=no
   [4/46] 940844852414706  strength=0.8  candidate:Expert Application for Aspirational Look  fits=conditional
   [5/46] 2336099940169668  strength=0.7  candidate:Confident User with Product & Benefit Callouts  fits=conditional
   [6/46] 2544370352647377  strength=0.7  candidate:Hero Product with Texture & Benefit Callouts  fits=conditional
   [7/46] 1594647608742881  strength=0.8  candidate:Confident User with Product & Benefit Callouts  fits=conditional
   [8/46] 1094174513048761  strength=0.1  noise (product-shot)  fits=no
   [9/46] 1716854159577577  strength=0.8  candidate:Confident User with Social Proof & Offer  fits=conditional
   [10/46] 3972471496382271  strength=0.7  candidate:Social Proof with Product & Offer  fits=conditional
   [11/46] 2032394314818684  strength=0.8  candidate:Confident User with Product & Benefit Callouts  fits=conditional
   [12/46] 1069031418917304  strength=0.7  candidate:Confident User with Product & Brand Authority  fits=conditional
   [13/46] 1344179487700987  strength=0.7  candidate:Product with User Swatch Showcase  fits=no
   [14/46] 1541039970534405  strength=0.7  candidate:Product with Promotional Offer as Coupon  fits=conditional
   [15/46] 1869043917807105  strength=0.7  candidate:Product with User Swatches & Offer  fits=no
   [16/46] 1587230156519462  strength=0.8  candidate:Confident User with Product & Benefit Callouts  fits=conditional
   [17/46] 1994141771281138  strength=0.8  candidate:Confident User with Product & Benefit Callouts  fits=conditional
   [18/46] 940553335758645  strength=0.8  candidate:Confident User with Product & Benefit Callouts  fits=conditional
   [19/46] 1076404238257998  strength=0.7  candidate:Product with Multiple User Swatches & Offer  fits=no
   [20/46] 2064907724231675  strength=0.8  candidate:Confident User with Product & Benefit Callouts  fits=conditional
   [21/46] 1567798228157208  strength=0.7  candidate:Confident User with Product & Brand Authority  fits=conditional
   [22/46] 1567971411696609  strength=0.7  candidate:Product with Texture & Multi-Use Callout  fits=no
   [23/46] 1071725512112755  strength=0.7  candidate:Product with Promotional Offer Coupon  fits=conditional
   [24/46] 2215990418974763  strength=0.8  candidate:Confident User with Product & Benefit Callouts  fits=conditional
   [25/46] 1826101538744518  strength=0.8  candidate:Confident User with Product & Benefit Callouts  fits=conditional
   [26/46] 1147313984481188  strength=0.7  candidate:Product with Promotional Offer as Coupon  fits=conditional
   [27/46] 27770955995932323  strength=0.8  candidate:Aspirational Lifestyle with Product & Benefit  fits=conditional
   [28/46] 1773347490758684  strength=0.7  candidate:Hero Product with Performance Callouts  fits=conditional
   [29/46] 1674694003621584  strength=0.7  candidate:Product with Texture & Multi-Use Callout  fits=no
   [30/46] 1452751483374928  strength=0.7  candidate:Hero Product with Texture & Benefit Callouts  fits=conditional
   [31/46] 2017910042191759  strength=0.8  candidate:Confident User with Product & Benefit Callouts  fits=conditional
   [32/46] 857788047301534  strength=0.8  candidate:Before-After User Transformation with Product  fits=no
   [33/46] 759390623731858  strength=0.6  candidate:Curated Product Showcase with Brand Authority  fits=yes
   [34/46] 1888749325002702  strength=0.6  candidate:Product Stack Showcase with Offer  fits=conditional
   [35/46] 799525776086671  strength=0.6  candidate:Product Showcase with Hands & Callouts  fits=conditional
   [36/46] 1004701445036037  strength=0.6  candidate:Curated Collection Showcase  fits=conditional
   [37/46] 703011752760732  strength=0.7  candidate:Gift-Ready Product Showcase  fits=conditional
   [38/46] 813842654477103  strength=0.7  candidate:Product Stack Showcase with Offer  fits=conditional
   [39/46] 25316540544615699  strength=0.7  candidate:Aspirational User with Thematic Collection  fits=conditional
   [40/46] 1394912702732308  strength=0.8  candidate:Fantasy Event Destination  fits=conditional
   [41/46] 638022289166508  strength=0.7  candidate:Product Pair with Promotional Offer  fits=no
   [42/46] 1075129124933995  strength=0.8  candidate:Trending Ingredient Showcase with Search Bar  fits=yes
   [43/46] 1037664735563743  strength=0.8  candidate:Aspirational Opportunity with Brand Endorsement  fits=no
   [44/46] 2326977628042114  strength=0.8  candidate:Multiple User Looks with Product Showcase  fits=conditional
   [45/46] 1968681477167709  strength=0.8  candidate:Aspirational Opportunity with Brand Endorsement  fits=no
   [46/46] 1342231577567921  strength=0.7  candidate:Confident User with Product & Benefit Callouts  fits=conditional
>> Renee Cosmetics: 0 new / 0 ads
>> Colorbar Cosmetics: 0 new / 0 ads
>> Faces Canada: 59 new / 59 ads
   [1/59] 1377948534400644  strength=0.7  candidate:Product Stack Showcase with Offer  fits=conditional
   [2/59] 1012008761305441  strength=0.7  candidate:Product Stack Showcase with Offer  fits=conditional
   [3/59] 1290653606477284  strength=0.8  candidate:Product Pair with Promotional Offer  fits=conditional
   [4/59] 1058120896789550  strength=0.7  candidate:Product Trio with Aspirational Lifestyle & Offer  fits=conditional
   [5/59] 1004196625984438  strength=0.7  candidate:Festive Gift Set Showcase  fits=conditional
   [6/59] 1265009985597841  strength=0.7  candidate:Product Pair with Promotional Offer  fits=conditional
   [7/59] 1026653993538452  strength=0.7  candidate:Festive Gift Set Showcase  fits=conditional
   [8/59] 1369588528150968  strength=0.7  candidate:Festive Gift Set Showcase  fits=conditional
   [9/59] 1627654585615477  strength=0.7  candidate:Festive Gift Set Showcase  fits=conditional
   [10/59] 2331793957563542  strength=0.7  candidate:Product Pair with Promotional Offer  fits=conditional
   [11/59] 1430337638944918  strength=0.7  candidate:Festive Product Display with Cultural Props  fits=conditional
   [12/59] 2355375871933909  strength=0.7  candidate:Festive Product Display with Cultural Props  fits=conditional
   [13/59] 1374588704550890  strength=0.7  candidate:Product Pair with Promotional Offer  fits=conditional
   [14/59] 1033957919478905  strength=0.7  candidate:Gift Box with Festive Props  fits=conditional
   [15/59] 1548680033058949  strength=0.7  candidate:Product with Festive Props  fits=conditional
   [16/59] 4498974017087650  strength=0.7  candidate:Product with Cultural/Festive Props  fits=conditional
   [17/59] 1024847463618043  strength=0.7  candidate:Product Stack Showcase with Offer  fits=conditional
   [18/59] 1534571655126757  strength=0.7  candidate:Product Pair with Promotional Offer  fits=conditional
   [19/59] 2316210259211134  strength=0.7  candidate:Festive Gift Set Showcase  fits=conditional
   [20/59] 1609215954328976  strength=0.7  candidate:Festive Gift Set Showcase  fits=conditional
   [21/59] 1544839413515312  strength=0.7  candidate:Festive Product Display with Cultural Props  fits=conditional
   [22/59] 1702693261028616  strength=0.7  candidate:Festive Product Showcase with Cultural Props  fits=conditional
   [23/59] 966329346510051  strength=0.7  candidate:Festive Product Display with Cultural Props  fits=conditional
   [24/59] 2557691644688003  strength=0.7  candidate:Product Pair with Promotional Offer  fits=conditional
   [25/59] 1742872637011972  strength=0.7  candidate:Product Stack with Environmental Resilience  fits=no
   [26/59] 3165107257013449  strength=0.7  candidate:Festive Gift Set Showcase  fits=conditional
   [27/59] 2367211047139882  strength=0.7  candidate:Product Pair with Promotional Offer  fits=conditional
   [28/59] 1561653392125206  strength=0.7  candidate:Product Trio as Gift Set  fits=conditional
   [29/59] 1080359914430854  strength=0.7  candidate:Product Stack Showcase with Offer  fits=conditional
   [30/59] 28824116377195997  strength=0.7  candidate:Product Pair with Promotional Offer  fits=yes
   [31/59] 1045287388513755  strength=0.7  candidate:Festive Gift Set Showcase  fits=conditional
   [32/59] 3617544201737966  strength=0.7  candidate:Product Pair with Promotional Offer  fits=yes
   [33/59] 1061099739655617  strength=0.7  candidate:Gift Box with Festive Props  fits=conditional
   [34/59] 3352413861609423  strength=0.7  candidate:Product Stack Showcase with Offer  fits=conditional
   [35/59] 1608430294069315  strength=0.7  candidate:Product Pair with Promotional Offer  fits=yes
   [36/59] 4870686143160438  strength=0.7  candidate:Festive Product Display with Cultural Props  fits=conditional
   [37/59] 2480105942479614  strength=0.7  candidate:Festive Product Display with Cultural Props  fits=conditional
   [38/59] 1730769534868270  strength=0.7  candidate:Product Pair with Promotional Offer  fits=yes
   [39/59] 1383123447223754  strength=0.7  candidate:Festive Gift Set Showcase  fits=conditional
   [40/59] 1665484355189555  strength=0.7  candidate:Product Pair with Promotional Offer  fits=yes
   [41/59] 2514621719035259  strength=0.7  candidate:Festive Product Display with Cultural Props  fits=conditional
   [42/59] 3084328965105439  strength=0.7  candidate:Product Pair with Promotional Offer  fits=yes
   [43/59] 4610241402630171  strength=0.7  candidate:Product Pair with Promotional Offer  fits=yes
   [44/59] 1459274072775076  strength=0.7  candidate:Product Pair with Promotional Offer  fits=yes
   [45/59] 1100578965732103  strength=0.7  candidate:Product Pair with Promotional Offer  fits=yes
   [46/59] 3379826215551455  strength=0.7  candidate:Product Trio as Gift Set  fits=conditional
   [47/59] 1895048614802790  strength=0.7  candidate:Product Pair with Promotional Offer  fits=yes
   [48/59] 1323752076504088  strength=0.7  candidate:Product Pair with Promotional Offer  fits=yes
   [49/59] 952008923901511  strength=0.7  candidate:Product Pair with Promotional Offer  fits=yes
   [50/59] 1090631483424657  strength=0.7  candidate:Product Pair with Promotional Offer  fits=yes
   [51/59] 1949894649008873  strength=0.7  candidate:Product Pair with Promotional Offer  fits=yes
   [52/59] 2519777645150633  strength=0.7  candidate:Product Stack Showcase with Offer  fits=conditional
   [53/59] 2323068944891979  strength=0.7  candidate:Product Stack Showcase with Offer  fits=conditional
   [54/59] 1388772569439990  strength=0.7  candidate:Product Pair with Promotional Offer  fits=yes
   [55/59] 2087477225235882  strength=0.7  candidate:Product Stack Showcase with Offer  fits=conditional
   [56/59] 1772255737136217  strength=0.7  candidate:Product Pair with Promotional Offer  fits=yes
   [57/59] 1407477474851370  strength=0.7  candidate:Product Pair with Promotional Offer  fits=yes
   [58/59] 1736308771006697  strength=0.7  candidate:Product Pair with Promotional Offer  fits=yes
   [59/59] 1072036885181806  strength=0.7  candidate:Festive Product Display with Cultural Props  fits=conditional
>> Blue Heaven Cosmetics: 1 new / 1 ads
   [1/1] 2062992437665760  strength=0.5  candidate:Product Showcase with Natural Element  fits=conditional
>> Chambor: 2 new / 2 ads
   [1/2] 3394260460753477  strength=0.8  candidate:Aspirational Lifestyle with Iconic Backdrop  fits=conditional
   [2/2] 1516700703244991  strength=0.8  candidate:Aspirational Lifestyle with Iconic Backdrop  fits=conditional
>> Insight Cosmetics: 74 new / 74 ads
   [1/74] 1706681203960272  strength=0.6  candidate:Product Pair with Promotional Offer  fits=conditional
   [2/74] 1389403156435190  strength=0.7  candidate:Festive Gift Set Showcase  fits=conditional
   [3/74] 949738274809665  strength=0.7  candidate:Product Stack Showcase with Offer  fits=conditional
   [4/74] 1649722966680600  strength=0.7  candidate:Product Stack Showcase with Offer  fits=conditional
   [5/74] 1064494202689268  strength=0.7  candidate:Product Pair with Promotional Offer  fits=conditional
   [6/74] 1371341575162337  strength=0.6  candidate:Festive Gift Set Showcase  fits=conditional
   [7/74] 1040649498699711  strength=0.7  candidate:Product Pair with Promotional Offer  fits=yes
   [8/74] 2492063994650717  strength=0.7  candidate:Science Dialogue Summary  fits=conditional
   [9/74] 1046531761297227  strength=0.7  candidate:Claw Machine Offer Showcase  fits=conditional
   [10/74] 3171496666376699  strength=0.7  candidate:Product Pair with Promotional Offer  fits=yes
   [11/74] 1543039147560548  strength=0.7  candidate:Festive Product Display with Cultural Props  fits=conditional
   [12/74] 2337182277086415  strength=0.6  candidate:Festive Gift Set Showcase  fits=conditional
   [13/74] 1377091821277604  strength=0.6  candidate:Festive Gift Set Showcase  fits=conditional
   [14/74] 1640351031364518  strength=0.6  candidate:Festive Gift Set Showcase  fits=conditional
   [15/74] 1986728155322202  strength=0.7  candidate:Claw Machine Offer Showcase  fits=no
   [16/74] 1869947361041292  strength=0.7  candidate:Product Stack Showcase with Offer  fits=conditional
   [17/74] 871040435843735  strength=0.7  candidate:Product Stack Showcase with Offer  fits=yes
   [18/74] 1828988818480707  strength=0.6  candidate:Product Stack Showcase with Offer  fits=conditional
   [19/74] 1376232447397701  strength=0.7  candidate:Product Stack Showcase with Offer  fits=conditional
   [20/74] 2074741966762212  strength=0.8  candidate:Festive Product Display with Cultural Props  fits=conditional
   [21/74] 995615596842156  strength=0.7  candidate:Festive Product Display with Cultural Props  fits=conditional
   [22/74] 1846940130072898  strength=0.8  candidate:Festive Gift Set Showcase  fits=conditional
   [23/74] 1380898504156936  strength=0.7  candidate:Product Pair with Promotional Offer  fits=conditional
   [24/74] 2294044281136043  strength=0.7  candidate:Product Stack Showcase with Offer  fits=yes
   [25/74] 1055563696878209  strength=0.7  candidate:Product Stack Showcase with Offer  fits=conditional
   [26/74] 2685583401901035  strength=0.8  candidate:Product Stack Showcase with Offer  fits=conditional
   [27/74] 1468854148603396  strength=0.7  candidate:Lifestyle with Value-Add Offer  fits=conditional
   [28/74] 1636702788020787  strength=0.8  candidate:Festive Product Display with Cultural Props  fits=conditional
   [29/74] 1067443186271626  strength=0.7  candidate:Product Pair with Promotional Offer  fits=conditional
   [30/74] 1573860977552128  strength=0.8  candidate:Festive Product Display with Cultural Props  fits=conditional
   [31/74] 1737344587150890  strength=0.8  candidate:Before-After Emotion with Offer  fits=conditional
   [32/74] 2289691101840164  strength=0.7  candidate:Festive Gift Set Showcase  fits=conditional
   [33/74] 2103003397257552  strength=0.8  candidate:Festive Gift Set Showcase  fits=conditional
   [34/74] 4794228017519967  strength=0.7  candidate:Product as Indulgent Treat  fits=conditional
   [35/74] 1083643177463315  strength=0.6  candidate:Hero Product with Promotional Offer  fits=conditional
   [36/74] 1603110954848625  strength=0.7  candidate:User-Generated Content with Direct Offer  fits=conditional
   [37/74] 1060560003229173  strength=0.7  candidate:Product Stack Showcase with Offer  fits=conditional
   [38/74] 1700006507743258  strength=0.7  candidate:Lifestyle with Value-Add Offer  fits=conditional
   [39/74] 1066738949674491  strength=0.7  candidate:Festive Product Display with Cultural Props  fits=conditional
   [40/74] 2199227673955861  strength=0.8  candidate:Festive Product Display with Cultural Props  fits=conditional
   [41/74] 1381675220755011  strength=0.8  candidate:Festive Gift Set Showcase  fits=conditional
   [42/74] 1919368472355179  strength=0.7  candidate:Product as Treasure Chest  fits=conditional
   [43/74] 2987255778301170  strength=0.7  candidate:Luxury Product as Adornment  fits=conditional
   [44/74] 2328521417917521  strength=0.7  candidate:Product as Treasure Box  fits=conditional
   [45/74] 2658632474590601  strength=0.7  candidate:Product as Precious Object  fits=conditional
   [46/74] 1816559043051532  strength=0.7  candidate:Confident User with Product as Accessory  fits=conditional
   [47/74] 1425188942824329  strength=0.8  candidate:Confident User in Urban Environment with Product  fits=conditional
   [48/74] 2273972040103223  strength=0.8  candidate:Confident User with Direct Address & Problem Reveal  fits=conditional
   [49/74] 1044122898229284  strength=0.8  candidate:Confident Users in Active Lifestyle with Product  fits=conditional
   [50/74] 1595211811995045  strength=0.8  candidate:Confident Users with Product in Outdoor Lifestyle  fits=conditional
   [51/74] 1636679087789085  strength=0.7  candidate:Product Performance Challenge  fits=conditional
   [52/74] 1497127568888237  strength=0.7  candidate:Product as Essential Companion for Special Occasions  fits=conditional
   [53/74] 1759750368566958  strength=0.8  candidate:Hero Product with Floating Ingredients & Names  fits=conditional
   [54/74] 28116164001398033  strength=0.5  candidate:Hero Product with Social Proof & Best-Seller Claim  fits=yes
   [55/74] 1784074372615656  strength=0.8  candidate:On-the-Go Essential with Aspirational Lifestyle  fits=yes
   [56/74] 1699926321066483  strength=0.8  candidate:Confident User with Product & Benefit Callouts  fits=conditional
   [57/74] 2000506770664272  strength=0.8  candidate:Redefining a Category with User & Tool  fits=conditional
   [58/74] 1039103898941789  strength=0.8  candidate:Confident User with Product & Benefit Callouts  fits=conditional
   [59/74] 1413840187296867  strength=0.8  candidate:Confident User with Product & Brand Authority  fits=conditional
   [60/74] 1603970007895281  strength=0.7  candidate:Product with Performance Visual & Claim  fits=conditional
   [61/74] 2006656296653838  strength=0.7  candidate:Aspirational User in Action with Benefit Callout  fits=conditional
   [62/74] 1064247823189099  strength=0.8  candidate:Confident User with Product & Benefit Callouts  fits=conditional
   [63/74] 1864933608213290  strength=0.8  candidate:Product Evolution Comparison  fits=yes
   [64/74] 1356369882942750  strength=0.8  candidate:Product as Best Friend  fits=conditional
   [65/74] 1750701119540169  strength=0.8  candidate:Aspirational Challenge with Product  fits=conditional
   [66/74] 1413217007413153  strength=0.6  candidate:Question-Led Benefit Inquiry  fits=conditional
   [67/74] 4505326993019736  strength=0.8  candidate:Award-Winning Product Showcase  fits=conditional
   [68/74] 901890166023490  strength=0.7  candidate:Curated Product Combinations with Endorsement  fits=conditional
   [69/74] 28357566627207827  strength=0.8  candidate:Expert Endorsement with Ingredient Focus  fits=conditional
   [70/74] 863843460030505  strength=0.8  candidate:Expert Endorsement with Ingredient Focus  fits=conditional
   [71/74] 4495322004076897  strength=0.8  candidate:Confident User with Product & Brand Authority  fits=conditional
   [72/74] 2272658260243747  strength=0.7  candidate:Lifestyle with Value-Add Offer  fits=conditional
   [73/74] 2865860893790638  strength=0.8  candidate:Social Proof with Lifestyle Context  fits=conditional
   [74/74] 1105774275253007  strength=0.8  candidate:Confident User with Product & Benefit Callouts  fits=conditional
>> mCaffeine: 3 new / 3 ads
   [1/3] 1901259104105240  strength=0.7  candidate:Product Splash Showcase  fits=conditional
   [2/3] 3134687853397281  strength=0.7  candidate:Product with Feature & Benefit Callouts in Dynamic Splash  fits=conditional
   [3/3] 1377267987590894  strength=0.7  candidate:Product Duo in Dynamic Splash  fits=conditional
>> BBlunt: 40 new / 40 ads
   [1/40] 1309747894431436  strength=0.8  candidate:Before-After User Transformation with Product  fits=no
   [2/40] 1628515815441218  strength=0.9  candidate:Before-After User Transformation with Product  fits=no
   [3/40] 1802798867806740  strength=0.7  candidate:Product Pair with Promotional Offer  fits=conditional
   [4/40] 2006679320035658  strength=0.7  candidate:Product Pair with Promotional Offer  fits=conditional
   [5/40] 1386685353669790  strength=0.7  candidate:Product Stack with Benefit Callout  fits=conditional
   [6/40] 3689181811235550  strength=0.8  candidate:Confident User with Product & Promotional Offer  fits=conditional
   [7/40] 1679786287482938  strength=0.6  candidate:Product Stack Showcase with Benefit Callout  fits=conditional
   [8/40] 1799598164572823  strength=0.8  candidate:Confident User with Product & Promotional Offer  fits=conditional
   [9/40] 1141377028553623  strength=0.7  candidate:Product Pair with Promotional Offer  fits=yes
   [10/40] 959816790473908  strength=0.8  candidate:Girl Math Discount Visualization  fits=conditional
   [11/40] 1106058808424058  strength=0.7  candidate:Product Pair with Promotional Offer  fits=yes
   [12/40] 1009300988781905  strength=0.7  candidate:Product Pair with Promotional Offer  fits=conditional
   [13/40] 1393872235600686  strength=0.8  candidate:Product Pair with Promotional Offer  fits=conditional
   [14/40] 1394511038779867  strength=0.8  candidate:Product Pair with Promotional Offer  fits=yes
   [15/40] 1773232097255683  strength=0.7  candidate:Sensory Indulgence with Product & Offer  fits=conditional
   [16/40] 1304891034923642  strength=0.8  candidate:Confident User with Promotional Offer & Benefit  fits=conditional
   [17/40] 1056105310522698  strength=0.7  candidate:Product Stack Showcase with Offer  fits=conditional
   [18/40] 1069820052521755  strength=0.7  candidate:Product Stack Showcase with Offer  fits=conditional
   [19/40] 1498104555459097  strength=0.8  candidate:Confident User with Promotional Offer & Benefit  fits=conditional
   [20/40] 2243472526434914  strength=0.8  candidate:Before-After User Transformation with Product  fits=conditional
   [21/40] 4692286367656473  strength=0.7  candidate:Product Pair with Promotional Offer  fits=conditional
   [22/40] 2005641693484623  strength=0.8  candidate:Product Pair with Promotional Offer  fits=yes
   [23/40] 2374806266664390  strength=0.7  candidate:Product Stack Showcase with Offer  fits=conditional
   [24/40] 1516135876944655  strength=0.7  candidate:Product Stack Showcase with Offer  fits=conditional
   [25/40] 2215822232533559  strength=0.8  candidate:Before-After User Transformation with Product  fits=conditional
   [26/40] 4645511345683234  strength=0.7  candidate:Product Pair with Promotional Offer  fits=yes
   [27/40] 29530541353212805  strength=0.7  candidate:Product Pair with Promotional Offer  fits=yes
   [28/40] 1469389178447667  strength=0.8  candidate:Product Pair with Promotional Offer  fits=conditional
   [29/40] 1897529474989548  strength=0.7  candidate:Product Pair with Promotional Offer  fits=conditional
   [30/40] 2262656037864613  strength=0.7  candidate:Product Pair with Promotional Offer  fits=yes
   [31/40] 1775732316791573  strength=0.8  candidate:Product as Lifestyle Choice with Offer  fits=conditional
   [32/40] 1403051808620852  strength=0.8  candidate:Confident User with Promotional Offer & Benefit  fits=conditional
   [33/40] 1643425117336649  strength=0.7  candidate:Product Pair with Promotional Offer  fits=yes
   [34/40] 886582991052112  strength=0.8  candidate:Product Pair with Promotional Offer  fits=yes
   [35/40] 1400952142225597  strength=0.7  candidate:Product Pair with Promotional Offer  fits=conditional
   [36/40] 2556570451494936  strength=0.8  candidate:Confident User with Promotional Offer & Benefit  fits=conditional
   [37/40] 27813613718316949  strength=0.8  candidate:Product Pair with Promotional Offer  fits=conditional
   [38/40] 2187636815511443  strength=0.8  candidate:Product Pair with Promotional Offer  fits=yes
   [39/40] 2846931755691431  strength=0.7  candidate:Product Pair with Promotional Offer  fits=conditional
   [40/40] 1633240024856565  strength=0.8  candidate:Before-After User Transformation with Product  fits=conditional
>> Streax Professional: 0 new / 0 ads
>> Love Beauty and Planet India: 0 new / 0 ads
>> Arata: 8 new / 8 ads
   [1/8] 2562391757515197  strength=0.8  candidate:Scientific Before-After with Product & Blueprint  fits=conditional
   [2/8] 2101810953765762  strength=0.6  candidate:Product Stack with Scarcity & Social Proof  fits=conditional
   [3/8] 1741621496917416  strength=0.7  candidate:Scientific Breakthrough Product Showcase  fits=conditional
   [4/8] 1080206247803232  strength=0.8  candidate:Product Exploded View with Social Proof  fits=conditional
   [5/8] 1090170733668929  strength=0.8  candidate:Scientific Before-After with Product & Blueprint  fits=conditional
   [6/8] 28724928660435610  strength=0.6  candidate:Product Stack with Scarcity & Pre-order  fits=conditional
   [7/8] 1709823120076436  strength=0.8  candidate:Product with Scientific Efficacy & Data  fits=conditional
   [8/8] 1617045019832751  strength=0.8  candidate:Product Disassembly with Performance Metrics  fits=conditional
>> Ktein: 20 new / 20 ads
   [1/20] 1451110183219429  strength=0.7  candidate:Product Stack Showcase with Offer  fits=conditional
   [2/20] 1502490518249096  strength=0.8  candidate:Hero Product with Floating Ingredients & Names  fits=yes
   [3/20] 1237719457904725  strength=0.7  candidate:Product Stack Showcase with Offer  fits=conditional
   [4/20] 912867624683732  strength=0.8  candidate:Hero Product with Floating Ingredients & Benefits  fits=conditional
   [5/20] 4592251514434209  strength=0.6  candidate:Product Stack Showcase with Offer  fits=yes
   [6/20] 1486395486087958  strength=0.7  candidate:Product Stack Showcase with Offer  fits=conditional
   [7/20] 1814380555913352  strength=0.6  candidate:Product Ecosystem Showcase with Offer  fits=no
   [8/20] 1558245869158514  strength=0.7  candidate:Product Stack Showcase with Offer  fits=conditional
   [9/20] 1333597158263788  strength=0.8  candidate:User Testimonial with Product Showcase  fits=yes
   [10/20] 4347194288877232  strength=0.7  candidate:Product Showcase with User Testimonials  fits=conditional
   [11/20] 2077045199624690  strength=0.8  candidate:User Testimonial with Product Showcase  fits=conditional
   [12/20] 2096558614541987  strength=0.8  candidate:Product with Feature & Benefit Callouts  fits=conditional
   [13/20] 2015814915962237  strength=0.7  candidate:Confident User with Product & Brand Authority  fits=conditional
   [14/20] 1929294761118103  strength=0.8  candidate:Confident User with Product & Brand Authority  fits=conditional
   [15/20] 1512435579878630  strength=0.8  candidate:Confident User with Product & Brand Authority  fits=conditional
   [16/20] 1759738015339505  strength=0.8  candidate:Product with Natural Foaming & Ingredient Essence  fits=yes
   [17/20] 1371715060961489  strength=0.8  candidate:Confident User with Product & Benefit Callouts  fits=conditional
   [18/20] 1017043241274243  strength=0.9  candidate:Competitor Feature Comparison  fits=conditional
   [19/20] 2224978518352294  strength=0.8  candidate:Confident User with Product & Benefit Callouts  fits=conditional
   [20/20] 1515501366774551  strength=0.9  pile-vs-one  fits=conditional
>> Earth Rhythm: 14 new / 14 ads
   [1/14] 1753121169266943  strength=0.7  candidate:Confident User with Product & Benefit Callouts  fits=conditional
   [2/14] 1831725864763522  strength=0.8  candidate:Confident User with Product & Benefit Callouts  fits=conditional
   [3/14] 1345066340729587  strength=0.8  candidate:Product with Benefit & Feature Callouts  fits=conditional
   [4/14] 1561944705731952  strength=0.8  pile-vs-one  fits=yes
   [5/14] 949826084804988  strength=0.8  candidate:Product with Benefit & Feature Callouts  fits=conditional
   [6/14] 1416933893693148  strength=0.7  candidate:Confident User with Product Application  fits=conditional
   [7/14] 1283572607079115  strength=0.8  candidate:Multi-Benefit Swatches on Skin  fits=conditional
   [8/14] 1271774542681900  strength=0.7  candidate:Confident User with Product & Benefit Callouts  fits=conditional
   [9/14] 2242095846637402  strength=0.7  candidate:Confident User with Product & Benefit Callouts  fits=conditional
   [10/14] 1699958051271956  strength=0.8  candidate:Product on Beach with Lifestyle Props  fits=conditional
   [11/14] 824662457371370  strength=0.7  candidate:Product Stack Showcase with Offer  fits=conditional
   [12/14] 3962083087418919  strength=0.8  candidate:Product on Beach with Lifestyle Props  fits=conditional
   [13/14] 2134215853797410  strength=0.7  candidate:Product with User & Floating Ingredients  fits=conditional
   [14/14] 1764420571425252  strength=0.8  candidate:Product with Benefit & Feature Callouts  fits=conditional
>> WishCare: 48 new / 48 ads
   [1/48] 1590432989250602  strength=0.7  candidate:Product Stack Showcase with Offer  fits=yes
   [2/48] 921017650553880  strength=0.8  candidate:Problematic Past Routine vs. Modern Solution  fits=conditional
   [3/48] 1800225678015752  strength=0.7  candidate:Product Stack Showcase with Offer  fits=yes
   [4/48] 1194647132799631  strength=0.7  candidate:Confident User with Product & Benefit Callouts  fits=conditional
   [5/48] 1080822337750146  strength=0.8  candidate:Hero Product with Floating Ingredients & Names  fits=conditional
   [6/48] 2836094790087550  strength=0.7  candidate:Product Application with Efficacy Proof  fits=conditional
   [7/48] 1592721279065705  strength=0.8  candidate:Problematic Past Routine vs Modern Solution  fits=conditional
   [8/48] 28347320624905271  strength=0.8  candidate:Before-After Scalp Transformation with Product & Benefits  fits=conditional
   [9/48] 1673795387500932  strength=0.8  candidate:Hero Product with Floating Ingredients & Names  fits=conditional
   [10/48] 1028587653272374  strength=0.8  candidate:Problem-Solution: Lifestyle Trigger  fits=conditional
   [11/48] 1437413801564634  strength=0.8  candidate:Problem-Solution: Everyday Item with Product  fits=conditional
   [12/48] 2159826652082638  strength=0.8  candidate:Problem-Solution: External Factor with Product & Result  fits=conditional
   [13/48] 2181310852809602  strength=0.7  candidate:Product Stack Showcase with Offer  fits=conditional
   [14/48] 2053644781918583  strength=0.8  candidate:Before-After Scalp Transformation with Product  fits=conditional
   [15/48] 1439683091551972  strength=0.8  candidate:Before-After User Transformation with Product  fits=no
   [16/48] 1418887790346430  strength=0.8  candidate:Problem Visualization with Product Solution  fits=conditional
   [17/48] 1125221263494057  strength=0.7  candidate:Product with Fluidity Splash  fits=no
   [18/48] 946371195181306  strength=0.7  candidate:Product Duo with Benefit & Offer  fits=yes
   [19/48] 1787650332388761  strength=0.8  candidate:Before-After User Transformation with Product  fits=conditional
   [20/48] 1612090574035539  strength=0.7  candidate:Product with Fluidity Visual  fits=conditional
   [21/48] 955748867568617  strength=0.7  candidate:Product Stack Showcase with Offer  fits=yes
   [22/48] 1062884150064208  strength=0.7  candidate:Product Array with Social Proof  fits=conditional
   [23/48] 1646123047110111  strength=0.7  candidate:Product Pair with Promotional Offer  fits=yes
   [24/48] 1081773101027062  strength=0.7  candidate:Product Trio with Unified Benefit  fits=conditional
   [25/48] 1620209169717640  strength=0.6  candidate:Product Trio with Step-by-Step Routine  fits=conditional
   [26/48] 1064747906148895  strength=0.8  candidate:Problematic Past vs. Modern Solution  fits=conditional
   [27/48] 1125920019963068  strength=0.7  candidate:Product Abundance with Social Proof  fits=conditional
   [28/48] 2202880513618484  strength=0.7  candidate:Product Pair with Promotional Offer  fits=yes
   [29/48] 1743344956788045  strength=0.8  candidate:Before-After Scalp Transformation with Product & Benefits  fits=conditional
   [30/48] 1381998686856861  strength=0.6  candidate:Product Duo with Benefit & Offer  fits=conditional
   [31/48] 2581198888969139  strength=0.7  candidate:Product Stack Showcase with Natural Backdrop  fits=conditional
   [32/48] 1052939684125436  strength=0.7  candidate:Product Duo with Benefit & Offer  fits=conditional
   [33/48] 2148649402355523  strength=0.8  candidate:Hero Product with Floating Ingredients & Names  fits=conditional
   [34/48] 1925626568435163  strength=0.7  candidate:Product Pair with Promotional Offer  fits=yes
   [35/48] 1548545916542709  strength=0.7  candidate:Product Trio Showcase with Benefit Callouts  fits=conditional
   [36/48] 1603908221177817  strength=0.7  candidate:Product Routine Showcase with Benefit Callouts  fits=conditional
   [37/48] 1064492896450331  strength=0.7  candidate:Product Stack Showcase with Offer  fits=yes
   [38/48] 1360129179535726  strength=0.8  candidate:Problem Object with Solution  fits=conditional
   [39/48] 27866041866357953  strength=0.8  candidate:Simplified Routine with Product Duo  fits=conditional
   [40/48] 2329643907859445  strength=0.8  candidate:Before-After User Transformation with Product  fits=no
   [41/48] 2114660112419054  strength=0.9  candidate:Before-After User Transformation with Product  fits=no
   [42/48] 2960893800927723  strength=0.8  candidate:Confident User with Product & Benefit Callouts  fits=conditional
   [43/48] 1372269485031913  strength=0.7  candidate:Product Array with Feature Callouts  fits=conditional
   [44/48] 1428657385815838  strength=0.8  candidate:Product with Clinical Proof & Benefit Callouts  fits=conditional
   [45/48] 2128349504704878  strength=0.8  candidate:Simplified Routine with Product Duo  fits=conditional
   [46/48] 1761298385061948  strength=0.7  candidate:Product Trio on Grid with Benefit Callouts  fits=conditional
   [47/48] 1067659159088678  strength=0.8  pile-vs-one  fits=conditional
   [48/48] 1023237587370394  strength=0.7  candidate:Product Stack Showcase with Offer  fits=yes
>> Curl Up: 0 new / 0 ads
>> WOW Skin Science: 12 new / 12 ads
   [1/12] 1753267682340447  strength=0.8  candidate:Internal Problem Visualization with Solution  fits=conditional
   [2/12] 1703849597364913  strength=0.7  candidate:Hero Product with Raw Ingredient Piles  fits=yes
   [3/12] 978617684937894  strength=0.9  candidate:Microscopic Scalp Treatment  fits=conditional
   [4/12] 1050377921305360  strength=0.7  candidate:Product Stack Showcase with Offer  fits=yes
   [5/12] 1451688846956055  strength=0.7  candidate:Product Stack Showcase with Offer  fits=yes
   [6/12] 988993070436822  strength=0.8  candidate:Simple Step-by-Step Routine with Product & User  fits=conditional
   [7/12] 1033771986315196  strength=0.7  candidate:Product Stack Showcase with Offer  fits=yes
   [8/12] 1924152804952301  strength=0.7  candidate:Problem Visualization with Targeted Solution  fits=conditional
   [9/12] 993119197035268  strength=0.8  candidate:Problem Visualization with Targeted Solution  fits=conditional
   [10/12] 1505744107977973  strength=0.7  candidate:Product Stack Showcase with Offer  fits=conditional
   [11/12] 4086975068269782  strength=0.7  candidate:Product Stack Showcase with Offer  fits=conditional
   [12/12] 1006828638423892  strength=0.8  candidate:Messy vs. Precise Application  fits=conditional
>> Just Herbs: 10 new / 10 ads
   [1/10] 4518575391752677  strength=0.7  candidate:Product Pair with Promotional Offer  fits=yes
   [2/10] 1631443755324410  strength=0.7  candidate:Product Stack Showcase with Offer  fits=yes
   [3/10] 1937696530203838  strength=0.6  candidate:Product Stack Showcase with Offer  fits=yes
   [4/10] 2295434714544108  strength=0.7  candidate:Product Stack Showcase with Offer  fits=yes
   [5/10] 1093711703166188  strength=0.7  candidate:Product Pair with Promotional Offer  fits=yes
   [6/10] 1880032033402422  strength=0.7  candidate:Product Stack Showcase with Offer  fits=yes
   [7/10] 3742300379245885  strength=0.7  candidate:Product Pair with Promotional Offer  fits=yes
   [8/10] 4455278114712056  strength=0.6  candidate:Product Stack Showcase with Offer  fits=yes
   [9/10] 1085845324115681  strength=0.7  candidate:Hero Product with Floating Ingredients & Names  fits=yes
   [10/10] 4591717571150534  strength=0.8  candidate:Hero Product with Floating Ingredients & Names  fits=yes
>> Juicy Chemistry: 58 new / 58 ads
   [1/58] 902951959304571  strength=0.8  candidate:Visible Ingredient Application  fits=yes
   [2/58] 2047144949251028  strength=0.7  candidate:Product with Real-Life Skin Condition  fits=conditional
   [3/58] 968901716241031  strength=0.7  candidate:Product with Real-Life Skin Condition  fits=conditional
   [4/58] 2087473662139927  strength=0.8  candidate:Human Hands with Raw Ingredients  fits=yes
   [5/58] 28542693818667844  strength=0.8  candidate:Visible Ingredient Application  fits=yes
   [6/58] 4369309706545810  strength=0.7  candidate:Product Duo with Ingredient & Benefit Callouts  fits=conditional
   [7/58] 1085126440577818  strength=0.7  candidate:Product Duo with Ingredient & Benefit Callouts  fits=conditional
   [8/58] 1463531625606903  strength=0.7  candidate:Nurturing Touch with Product & Skin Focus  fits=conditional
   [9/58] 1085695004326298  strength=0.8  candidate:Visible Ingredient Application  fits=yes
   [10/58] 2076375579916769  strength=0.7  candidate:Product Showcase with Promotional Offer  fits=yes
   [11/58] 1610778457104581  strength=0.8  candidate:Founder's Personal Journey & Empathy  fits=yes
   [12/58] 1480067257214701  strength=0.7  candidate:Product with Application & Offer  fits=conditional
   [13/58] 1114937010885990  strength=0.8  candidate:Hero Product with Raw Ingredient Piles  fits=yes
   [14/58] 1420319076700121  strength=0.8  candidate:Social Proof with Product & Testimonials  fits=yes
   [15/58] 1619969102858990  strength=0.8  candidate:Confident User with Product & Benefit Callouts  fits=conditional
   [16/58] 1392925885595117  strength=0.8  candidate:Hero Product with Raw Ingredient Piles  fits=yes
   [17/58] 1567368718201329  strength=0.8  candidate:Social Proof with Product in Hand  fits=conditional
   [18/58] 1070120452554068  strength=0.7  candidate:Product with Benefit & Offer Showcase  fits=conditional
   [19/58] 1108803094822160  strength=0.7  candidate:Hero Product with Raw Ingredient Piles  fits=conditional
   [20/58] 1295159972578118  strength=0.8  candidate:Hero Product with Raw Ingredient Piles  fits=yes
   [21/58] 2273708196720782  strength=0.8  candidate:Hero Product with Floral Abundance & Clinical Proof  fits=conditional
   [22/58] 1017537454671261  strength=0.7  candidate:Product Stack Showcase with Offer  fits=yes
   [23/58] 3513497855485514  strength=0.7  candidate:Confident Users with Product Duo & Offer  fits=conditional
   [24/58] 1495656105702205  strength=0.8  candidate:Product Stack Showcase with Offer  fits=yes
   [25/58] 1064567246371572  strength=0.8  candidate:Visible Ingredient Application  fits=yes
   [26/58] 1062614346536620  strength=0.8  candidate:Visible Ingredient Application  fits=conditional
   [27/58] 1137731678918310  strength=0.6  candidate:Product Feature Showcase with User Demo & Offer  fits=no
   [28/58] 2052657225396615  strength=0.8  candidate:Hero Product with Floral Abundance & Clinical Proof  fits=conditional
   [29/58] 1049528481316832  strength=0.8  candidate:Hero Product with Raw Ingredient Piles  fits=yes
   [30/58] 1653084933069605  strength=0.8  candidate:Product Duo with Ingredient & Efficacy Callouts  fits=conditional
   [31/58] 2589976818101394  strength=0.8  candidate:Couple with Product & Quantified Benefits  fits=conditional
   [32/58] 1050569721153606  strength=0.8  candidate:Confident User with Product & Benefit Callouts  fits=conditional
   [33/58] 1615673659924639  strength=0.8  candidate:Confident Users with Quantified Benefit Callouts  fits=conditional
   [34/58] 2130197657926091  strength=0.8  candidate:Benefit Callouts on User's Body Part  fits=conditional
   [35/58] 2743386746055382  strength=0.7  candidate:Proudly Made In India Team  fits=yes
   [36/58] 2858084774571506  strength=0.8  candidate:Before-After User Transformation with Product  fits=no
   [37/58] 1815007799679818  strength=0.8  candidate:Before-After Scalp Transformation with Product  fits=no
   [38/58] 2002566880446381  strength=0.7  candidate:Confident Users with Paired Products & Offer  fits=conditional
   [39/58] 1107574605267640  strength=0.6  candidate:Confident User with Product & Benefit Callouts  fits=conditional
   [40/58] 1045871024921809  strength=0.7  candidate:Confident User with Product & Brand Authority  fits=conditional
   [41/58] 2142794059926952  strength=0.8  candidate:Hero Product with Raw Ingredient Display  fits=yes
   [42/58] 1559758332514872  strength=0.8  pile-vs-one  fits=conditional
   [43/58] 1363686675932251  strength=0.8  candidate:Confident Users with Product & Benefit Callouts  fits=conditional
   [44/58] 2552033958568852  strength=0.8  candidate:Multi-Benefit Ingredient Showcase with User Experience  fits=conditional
   [45/58] 1079344897786422  strength=0.8  candidate:Before-After User Transformation with Product  fits=no
   [46/58] 26628511523513437  strength=0.8  candidate:Before-After User Transformation with Product  fits=no
   [47/58] 2148858516009178  strength=0.7  candidate:User Endorsement with Product & Offer  fits=conditional
   [48/58] 1388424629525536  strength=0.8  candidate:Shared Care with Product & Benefit  fits=conditional
   [49/58] 1308210931246555  strength=0.7  candidate:Product Pair with User Benefit Collage  fits=conditional
   [50/58] 1091513679994468  strength=0.8  candidate:Visible Raw Ingredient Application  fits=conditional
   [51/58] 2593242297796673  strength=0.7  candidate:Happy Baby with Product & Safety Credentials  fits=conditional
   [52/58] 1015560998178923  strength=0.8  candidate:Shared Care with Product & Benefit  fits=conditional
   [53/58] 944596121404369  strength=0.8  candidate:Baby Care with Benefit Callouts & Organic Credibility  fits=conditional
   [54/58] 1343484197864371  strength=0.7  candidate:Confident User with Product & Benefit Callouts  fits=conditional
   [55/58] 28218606711122971  strength=0.7  candidate:Hero Product with Raw Ingredient Piles  fits=yes
   [56/58] 1034673149621536  strength=0.8  candidate:Hero Product with Raw Ingredient Display  fits=conditional
   [57/58] 2235216723992447  strength=0.8  candidate:Confident User with Product & Brand Authority  fits=conditional
   [58/58] 1538055081457756  strength=0.7  candidate:Product Pair with User Benefit Collage  fits=conditional
>> Soulflower: 53 new / 53 ads
   [1/53] 1026626180374042  strength=0.7  candidate:Festive Product Display with Cultural Props  fits=conditional
   [2/53] 1583698356772596  strength=0.7  candidate:Confident User with Product & Promotional Offer  fits=conditional
   [3/53] 28094350256923899  strength=0.7  candidate:Confident User with Product & Brand Authority  fits=conditional
   [4/53] 1604045241250409  strength=0.8  candidate:Hero Product with Key Ingredient Callouts  fits=conditional
   [5/53] 1686126812719454  strength=0.7  candidate:Gift of Abundance  fits=conditional
   [6/53] 1072207152031569  strength=0.7  candidate:Hero Product with Raw Ingredient Display  fits=yes
   [7/53] 2075538726384160  strength=0.9  candidate:Before-After User Transformation with Product  fits=conditional
   [8/53] 2891193261273651  strength=0.7  candidate:Unlock Hidden Potential with Secret  fits=conditional
   [9/53] 28318242541161250  strength=0.7  candidate:Confident User with Product & Promotional Offer  fits=conditional
   [10/53] 1605534344362754  strength=0.8  candidate:Product Pair with Clinical Proof  fits=conditional
   [11/53] 3316021465225821  strength=0.6  candidate:Product Pair with Promotional Offer  fits=conditional
   [12/53] 1788195972382182  strength=0.8  candidate:Event Partnership with Call to Action  fits=conditional
   [13/53] 2670744869990471  strength=0.7  candidate:Product Stack Showcase with Offer  fits=yes
   [14/53] 1057303013938706  strength=0.7  candidate:Hero Product with Benefit & Offer  fits=conditional
   [15/53] 28665286806441844  strength=0.7  candidate:Confident User with Product & Promotional Offer  fits=conditional
   [16/53] 915805001188453  strength=0.8  candidate:Hero Product with Raw Ingredient Display  fits=yes
   [17/53] 2042500803035410  strength=0.6  candidate:Product Pair with Promotional Offer  fits=conditional
   [18/53] 1399041804975736  strength=0.7  candidate:Product Pair with Promotional Offer  fits=conditional
   [19/53] 2286092522162672  strength=0.8  candidate:Before-After User Transformation with Product  fits=no
   [20/53] 955264260963669  strength=0.7  candidate:Hero Product with Benefit & Offer Callouts  fits=conditional
   [21/53] 1449777943636153  strength=0.7  candidate:Product Stack Showcase with Offer  fits=conditional
   [22/53] 2291691561673682  strength=0.8  candidate:Product with Specificity & Outcome Callouts  fits=conditional
   [23/53] 2103375864388089  strength=0.7  candidate:Hero Product with Raw Ingredient Display  fits=conditional
   [24/53] 1060733580173569  strength=0.7  candidate:Product Stack Showcase with Offer  fits=yes
   [25/53] 1743435643470622  strength=0.8  candidate:Hero Product with Raw Ingredient Display  fits=conditional
   [26/53] 1513024197530053  strength=0.6  candidate:Hero Product with Quantitative Benefit & Offer  fits=conditional
   [27/53] 1790842345240845  strength=0.7  candidate:Product Stack Showcase with Offer  fits=conditional
   [28/53] 1052167657587817  strength=0.7  candidate:Product Stack Showcase with Offer  fits=conditional
   [29/53] 1383294057244517  strength=0.7  candidate:Product Stack with Performance Claims  fits=conditional
   [30/53] 28555037444182980  strength=0.7  candidate:Confident User with Product & Promotional Offer  fits=conditional
   [31/53] 1405309147845028  strength=0.6  candidate:Hero Product with Direct Benefit & Offer  fits=conditional
   [32/53] 1601527948166452  strength=0.7  candidate:Product Regime with Raw Ingredient Accents  fits=conditional
   [33/53] 1031593759478528  strength=0.8  candidate:Product with Quantified Ingredient Benefit  fits=conditional
   [34/53] 1365431258692394  strength=0.7  candidate:Hero Product with Raw Ingredient Display  fits=conditional
   [35/53] 1810064817078663  strength=0.8  candidate:Progressive Benefit Timeline with Product  fits=yes
   [36/53] 3678786655622380  strength=0.7  candidate:Confident User with Product & Brand Authority  fits=conditional
   [37/53] 2326099871499251  strength=0.6  candidate:Hero Product with Direct Ingredient Claim & Offer  fits=conditional
   [38/53] 2952726935074789  strength=0.8  candidate:Confident User with Product Stack & Offer  fits=conditional
   [39/53] 1261514586107806  strength=0.7  candidate:Confident User with Product & Brand Authority  fits=conditional
   [40/53] 2172128700396805  strength=0.7  candidate:User Group with Tiered Offer  fits=yes
   [41/53] 1408714171462986  strength=0.6  candidate:Hero Product with Ingredient & Offer  fits=conditional
   [42/53] 1069399362227860  strength=0.7  candidate:Hero Product with Benefit & Ingredient Callouts  fits=yes
   [43/53] 1056671369710514  strength=0.7  candidate:Artisan Crafting Showcase  fits=conditional
   [44/53] 2072006327039332  strength=0.7  candidate:Festive Gift Set Showcase  fits=conditional
   [45/53] 728170809887906  strength=0.7  candidate:Luxury Floral Arrangement Showcase  fits=conditional
   [46/53] 1792806528248648  strength=0.6  candidate:Festive Product Display with Cultural Props  fits=conditional
   [47/53] 2243730829704778  strength=0.6  candidate:Festive Gift Set Showcase  fits=conditional
   [48/53] 3454958671323831  strength=0.7  candidate:Gift of Abundance  fits=conditional
   [49/53] 1982975909311266  strength=0.7  candidate:Festive Gift Set Showcase  fits=conditional
   [50/53] 1788182972168557  strength=0.7  candidate:Festive Gift Set Showcase  fits=conditional
   [51/53] 2329030814591448  strength=0.6  candidate:Festive Product Display with Cultural Props  fits=conditional
   [52/53] 1374361568094371  strength=0.6  candidate:Festive Product Display with Cultural Props  fits=conditional
   [53/53] 1042312054811953  strength=0.6  candidate:Festive Product Display with Cultural Props  fits=conditional
>> Earth Science: 0 new / 0 ads
>> Ras Luxury Oils: 47 new / 47 ads
   [1/47] 956575810308488  strength=0.8  candidate:Product with Benefit & Feature Callouts  fits=conditional
   [2/47] 34551397897791838  strength=0.6  candidate:Product Stack Showcase with Offer  fits=yes
   [3/47] 1458935889155397  strength=0.7  candidate:Festive Gift Set Showcase  fits=conditional
   [4/47] 943871625239477  strength=0.7  candidate:Festive Product Display with Promotional Offer  fits=conditional
   [5/47] 2012303439398546  strength=0.8  candidate:Product with Quantified Results Infographic  fits=conditional
   [6/47] 1304965568382272  strength=0.8  candidate:Product with Performance Statistics  fits=conditional
   [7/47] 1717689149423751  strength=0.7  candidate:Product Trio Showcase with Offer  fits=conditional
   [8/47] 2126177864913198  strength=0.7  candidate:Product Pair with Promotional Offer  fits=conditional
   [9/47] 2720487944793696  strength=0.8  pile-vs-one  fits=yes
   [10/47] 1536563897927324  strength=0.7  candidate:Product Stack Showcase with Offer  fits=yes
   [11/47] 1574152064304926  strength=0.8  candidate:Progressive Before-After with Product & Ingredient Focus  fits=conditional
   [12/47] 1260614450469505  strength=0.8  candidate:User Testimonial: Unexpected Compliment  fits=conditional
   [13/47] 968955812734856  strength=0.7  candidate:Product Duo with Complementary Tool & Offer  fits=conditional
   [14/47] 26911133831846284  strength=0.9  candidate:Before-After User Transformation with Product  fits=no
   [15/47] 1391054599573672  strength=0.8  candidate:Product with Quantitative Results  fits=conditional
   [16/47] 3230009997185207  strength=0.7  candidate:Product Assortment with Promotional Offer  fits=yes
   [17/47] 3278642755859367  strength=0.8  candidate:Product with Quantitative Results Infographic  fits=conditional
   [18/47] 2182619415831564  strength=0.8  candidate:Before-After User Transformation with Product  fits=no
   [19/47] 1370448341844115  strength=0.8  candidate:Product with Feature & Benefit Callouts and Scarcity  fits=conditional
   [20/47] 3209569192571618  strength=0.7  candidate:Product Assortment with Promotional Offer  fits=yes
   [21/47] 3090309274493532  strength=0.7  candidate:Product Stack Showcase with Offer  fits=conditional
   [22/47] 1551091512539941  strength=0.6  candidate:Product Trio with Promotional Offer  fits=yes
   [23/47] 1389118773315874  strength=0.8  candidate:Product with Benefit & Feature Callouts  fits=conditional
   [24/47] 1741562397011231  strength=0.8  candidate:Product with Benefit & Feature Callouts  fits=conditional
   [25/47] 26925891987048951  strength=0.6  candidate:Product Trio with Promotional Offer  fits=conditional
   [26/47] 900972372920653  strength=0.7  candidate:Product Trio with Lifestyle & Offer  fits=conditional
   [27/47] 2024353902293560  strength=0.7  candidate:Product Trio with Promotional Offer in Natural Setting  fits=conditional
   [28/47] 27328272030137464  strength=0.7  candidate:Product Trio with Golden Elixir & Offer  fits=conditional
   [29/47] 1391934602842041  strength=0.7  candidate:Product Stack Showcase with Offer  fits=conditional
   [30/47] 974213248960203  strength=0.7  candidate:Product Trio with Promotional Offer  fits=conditional
   [31/47] 1610797677323117  strength=0.7  candidate:Product Stack Showcase with Offer  fits=conditional
   [32/47] 27201570756184450  strength=0.7  candidate:Product Stack Showcase with Offer  fits=yes
   [33/47] 962349772870372  strength=0.7  candidate:Festive Gift Set Showcase  fits=conditional
   [34/47] 1667553801104321  strength=0.7  candidate:Product Stack Showcase with Offer  fits=yes
   [35/47] 1243150214653185  strength=0.7  candidate:Product Stack Showcase with Offer  fits=conditional
   [36/47] 1093581162984650  strength=0.7  candidate:Festive Product Display with Promotional Offer  fits=conditional
   [37/47] 26936830565948599  strength=0.6  candidate:Festive Product Display with Cultural Props  fits=conditional
   [38/47] 1321135579961306  strength=0.7  candidate:Festive Product Display with Cultural Props  fits=conditional
   [39/47] 1371282537902222  strength=0.7  candidate:Product Trio with Lifestyle & Offer  fits=conditional
   [40/47] 2224544698291986  strength=0.6  candidate:Festive Product Display with Offer  fits=conditional
   [41/47] 1624234422654575  strength=0.6  candidate:Festive Product Display with Cultural Props  fits=conditional
   [42/47] 2440778383066454  strength=0.7  candidate:Festive Product Display with Promotional Offer  fits=conditional
   [43/47] 26941998468745384  strength=0.6  candidate:Festive Product Display with Offer  fits=yes
   [44/47] 817416434248174  strength=0.7  candidate:Festive Product Display with Offer  fits=conditional
   [45/47] 988391850833830  strength=0.6  candidate:Product Trio with Promotional Offer  fits=yes
   [46/47] 1065427046053333  strength=0.7  candidate:Product Stack Showcase with Offer  fits=conditional
   [47/47] 4620835808204129  strength=0.7  candidate:Festive Product Display with Offer  fits=conditional
>> Shankara: 80 new / 80 ads
   [1/80] 1572599071323574  strength=0.8  candidate:Ayurvedic Spa Experience Showcase  fits=no
   [2/80] 1638369280547405  strength=0.8  candidate:Hero Product with Raw Ingredient Piles  fits=yes
   [3/80] 997771559320758  strength=0.8  candidate:Product with Traditional Ingredients & Cultural Props  fits=yes
   [4/80] 996160642991063  strength=0.8  candidate:Product with Benefit & Feature Callouts  fits=conditional
   [5/80] 1084806933968613  strength=0.7  candidate:Festive Product Display with Cultural Props  fits=conditional
   [6/80] 2822416944787663  strength=0.9  candidate:Before-After User Transformation with Product  fits=no
   [7/80] 867741823088889  strength=0.9  candidate:Miniature Repair Crew  fits=conditional
   [8/80] 4526854414211335  strength=0.7  candidate:Product with Time-Bound Benefit & Soft Background  fits=no
   [9/80] 2581904578928835  strength=0.9  candidate:Before-After User Transformation with Product  fits=no
   [10/80] 1380753967368899  strength=0.6  candidate:Product with Time-Bound Benefit & Soft Focus  fits=no
   [11/80] 1033355719339161  strength=0.7  candidate:Product in Cupped Hands  fits=conditional
   [12/80] 2079440846281490  strength=0.8  candidate:Hero Product with Floating Ingredients & Names  fits=yes
   [13/80] 2187886855470400  strength=0.7  candidate:Festive Product Display with Cultural Props  fits=conditional
   [14/80] 1442258901131005  strength=0.7  candidate:Festive Gift Set Showcase  fits=yes
   [15/80] 2261816367929310  strength=0.7  candidate:Festive Gift Set Showcase  fits=yes
   [16/80] 2163796634520082  strength=0.7  candidate:Festive Gift Set Showcase  fits=yes
   [17/80] 1648213526922380  strength=0.7  candidate:Festive Gift Set Showcase  fits=yes
   [18/80] 1704853731002932  strength=0.7  candidate:Festive Product Display with Cultural Props  fits=conditional
   [19/80] 1408954847862993  strength=0.7  candidate:Festive Product Display with Cultural Props  fits=conditional
   [20/80] 1040903701658488  strength=0.6  candidate:Product on Luxurious Fabric  fits=conditional
   [21/80] 1680623743399850  strength=0.8  candidate:Festive Gift Set Showcase  fits=conditional
   [22/80] 2322811875153112  strength=0.7  candidate:Festive Gift Set Showcase  fits=yes
   [23/80] 1764609534453347  strength=0.7  candidate:Festive Gift Set Showcase  fits=yes
   [24/80] 1080410027912671  strength=0.7  candidate:Festive Gift Set Showcase  fits=yes
   [25/80] 1753252042454189  strength=0.7  candidate:Festive Product Display with Cultural Props  fits=yes
   [26/80] 1109489328404088  strength=0.7  candidate:Festive Product Display with Cultural Props  fits=conditional
   [27/80] 1597703245407571  strength=0.7  candidate:Hero Product with Social Proof & Ingredient Detail  fits=yes
   [28/80] 1092956276576208  strength=0.7  candidate:Festive Product Display with Cultural Props  fits=yes
   [29/80] 4546389932242550  strength=0.7  candidate:Festive Product Display with Cultural Props  fits=yes
   [30/80] 1399039795032807  strength=0.7  candidate:Festive Product Display with Cultural Props  fits=yes
   [31/80] 1686029266370877  strength=0.7  candidate:Festive Product Display with Cultural Props  fits=yes
   [32/80] 28242811295399760  strength=0.7  candidate:Festive Product Display with Cultural Props  fits=yes
   [33/80] 1799613714400903  strength=0.7  candidate:Festive Product Display with Cultural Props  fits=yes
   [34/80] 1076263568220575  strength=0.7  candidate:Festive Product Display with Cultural Props  fits=yes
   [35/80] 2055992281719083  strength=0.7  candidate:Product with Social Proof & Traditional Ingredient Highlight  fits=yes
   [36/80] 1089937636742797  strength=0.7  candidate:Festive Product Display with Cultural Props  fits=conditional
   [37/80] 1509294503911483  strength=0.8  candidate:Hero Product with Credibility Badges & Benefit  fits=conditional
   [38/80] 1032168442913882  strength=0.8  candidate:Hero Product with Raw Ingredient Piles  fits=yes
   [39/80] 1109310538117852  strength=0.7  candidate:Product Comparison: Superior Absorption  fits=conditional
   [40/80] 1089350946935593  strength=0.7  candidate:Product Comparison: Superior Absorption  fits=yes
   [41/80] 1722216155865371  strength=0.7  candidate:Hero Product with Benefit & Feature Callouts  fits=conditional
   [42/80] 1401976128500383  strength=0.6  candidate:Product with Performance Metrics & Price  fits=conditional
   [43/80] 805481082577723  strength=0.8  candidate:Hero Product with Raw Ingredient Piles  fits=yes
   [44/80] 1078805021336454  strength=0.8  candidate:Product with Benefit & Feature Callouts  fits=conditional
   [45/80] 952718117593803  strength=0.8  candidate:Hero Product with Floating Ingredients & Benefits  fits=conditional
   [46/80] 1582043243587893  strength=0.8  candidate:Confident User with Product & Benefit Callouts  fits=conditional
   [47/80] 1057200523689537  strength=0.8  candidate:Hero Product with Raw Ingredient Piles  fits=yes
   [48/80] 2147662569498115  strength=0.7  candidate:Product with Usage & Outcome Metrics  fits=conditional
   [49/80] 1033061665856944  strength=0.7  candidate:Confident User with Product & Benefit Callouts  fits=conditional
   [50/80] 4019468741693352  strength=0.8  candidate:Hero Product with Raw Ingredient Piles  fits=yes
   [51/80] 4531232363858762  strength=0.8  candidate:Product with Traditional Ingredient & Process  fits=yes
   [52/80] 1407019361274770  strength=0.5  candidate:Hero Product with Aspirational Benefit & Offer  fits=yes
   [53/80] 1410714977659917  strength=0.8  candidate:Product vs. Category Comparison (Texture/Absorption)  fits=conditional
   [54/80] 2252838908675722  strength=0.7  candidate:Hero Product with Editorial Endorsement  fits=conditional
   [55/80] 910929732000223  strength=0.7  candidate:Product with Luminous Drop & Glow  fits=conditional
   [56/80] 1087234537571772  strength=0.7  candidate:Hero Product with Social Proof & Ingredient Callouts  fits=yes
   [57/80] 1394631079438663  strength=0.6  candidate:Hero Product with Social Proof & Ingredient Callouts  fits=conditional
   [58/80] 1097943812919024  strength=0.8  candidate:Hero Product with Raw Ingredient Piles  fits=yes
   [59/80] 1386869613561328  strength=0.7  candidate:Family-Wide Relief with Product Sizes  fits=yes
   [60/80] 1391717732433361  strength=0.7  candidate:Hero Product with Social Proof & Ingredient Highlight  fits=conditional
   [61/80] 1292982216135905  strength=0.6  candidate:Hero Product with Social Proof & Ingredient Callouts  fits=yes
   [62/80] 1389474456068891  strength=None  noise (?)  fits=None
   [63/80] 1691489071953255  strength=0.8  candidate:Hero Product with Raw Ingredient Piles  fits=yes
   [64/80] 1558694042125754  strength=0.8  candidate:Hero Product with Raw Ingredient Piles  fits=yes
   [65/80] 1657659152450096  strength=0.8  candidate:Hero Product with Raw Ingredient Piles  fits=yes
   [66/80] 27283404184610458  strength=0.7  candidate:Product with Natural Serenity Backdrop  fits=yes
   [67/80] 2119207399026247  strength=0.8  candidate:Ingredient vs. Category Comparison  fits=conditional
   [68/80] 2137962983425174  strength=0.8  candidate:Hero Product with Raw Ingredient Piles  fits=yes
   [69/80] 1712004589884487  strength=0.8  candidate:Hero Product with Raw Ingredient Piles  fits=yes
   [70/80] 1802626071085156  strength=0.7  candidate:Hero Product with Authority Endorsement  fits=conditional
   [71/80] 3848255065314106  strength=0.7  candidate:Product with Usage & Outcome Metrics  fits=conditional
   [72/80] 28536350375997532  strength=0.8  candidate:Hero Product with Floating Ingredients & Names  fits=yes
   [73/80] 992552137172196  strength=0.7  candidate:Product on Skin with Benefit Contrast  fits=conditional
   [74/80] 1607439567580054  strength=0.8  candidate:Hero Product with Raw Ingredient Piles  fits=yes
   [75/80] 1462035279306922  strength=0.8  candidate:Hero Product with Raw Ingredient Piles  fits=yes
   [76/80] 38555000650813767  strength=0.7  candidate:Product Comparison: Superior Absorption  fits=yes
   [77/80] 1052591727774972  strength=0.8  candidate:Hero Product with Raw Ingredient Piles  fits=yes
   [78/80] 1808682907112495  strength=0.7  candidate:Product with Usage & Outcome Metrics  fits=conditional
   [79/80] 1083118324204860  strength=0.9  candidate:Before-After User Transformation with Product  fits=conditional
   [80/80] 1567339358406998  strength=0.9  candidate:Before-After User Transformation with Product  fits=yes
>> Tjori: 16 new / 16 ads
   [1/16] 1800595133990480  strength=0.7  candidate:Product Showcase with Multiple Options  fits=conditional
   [2/16] 857121214062680  strength=0.8  candidate:Festive Lifestyle with Promotional Offer  fits=conditional
   [3/16] 836016639552958  strength=0.8  candidate:Festive Lifestyle with Promotional Offer  fits=conditional
   [4/16] 2072845106956612  strength=0.7  candidate:Pre-Order Price Advantage with Product Showcase  fits=conditional
   [5/16] 1110064208623121  strength=0.8  candidate:Aspirational Lifestyle with Product & Benefit  fits=conditional
   [6/16] 1276022374576653  strength=0.7  candidate:Confident User with Lifestyle Affirmation  fits=conditional
   [7/16] 38483162857997524  strength=0.8  candidate:Cultural Heritage & Aspiration  fits=conditional
   [8/16] 2077429889545288  strength=0.7  candidate:Product Assortment on Pedestals  fits=no
   [9/16] 28109388015408111  strength=0.7  candidate:Confident User with Lifestyle Statement  fits=conditional
   [10/16] 1646019903923054  strength=0.8  candidate:Confident User with Lifestyle & Benefit Callouts  fits=conditional
   [11/16] 2147759359427466  strength=0.7  candidate:Confident User with Lifestyle Affirmation  fits=conditional
   [12/16] 1396939032543241  strength=0.8  candidate:Aspirational Lifestyle with Thematic Day  fits=conditional
   [13/16] 1425845702789677  strength=0.7  candidate:Confident User with Lifestyle Affirmation  fits=conditional
   [14/16] 901396012837601  strength=0.8  candidate:Effortless Elegance Lifestyle  fits=no
   [15/16] 2508650062936230  strength=0.7  candidate:Confident User with Lifestyle & Mood  fits=conditional
   [16/16] 1088964660192860  strength=0.7  candidate:Confident User with Lifestyle & Mood  fits=conditional
>> RE EQUIL: 68 new / 68 ads
   [1/68] 1603188624494869  strength=0.7  candidate:Product Stack Showcase with Offer  fits=yes
   [2/68] 2306725096764898  strength=0.7  candidate:Product Stack Showcase with Offer  fits=conditional
   [3/68] 1598959824878415  strength=0.8  candidate:Precise Dosage & Application Guide  fits=conditional
   [4/68] 1021684613971370  strength=0.7  candidate:Product Stack Showcase with Offer  fits=conditional
   [5/68] 1406597671632456  strength=0.7  candidate:Product Stack Showcase with Offer  fits=conditional
   [6/68] 1403868515057978  strength=0.6  candidate:Product Stack Showcase with Offer  fits=conditional
   [7/68] 1553381429326217  strength=0.7  candidate:Product Stack Showcase with Offer  fits=conditional
   [8/68] 884967191364256  strength=0.7  candidate:Product Stack Showcase with Offer  fits=conditional
   [9/68] 1040280325391405  strength=0.7  candidate:Product Stack Showcase with Offer  fits=conditional
   [10/68] 4522081068006096  strength=0.7  candidate:Product Stack Showcase with Offer  fits=conditional
   [11/68] 2274657823309888  strength=0.7  candidate:Product with Benefit & Feature Callouts  fits=conditional
   [12/68] 1611917310300077  strength=0.7  candidate:Product Stack Showcase with Offer  fits=conditional
   [13/68] 1428013959248047  strength=0.7  candidate:Product Pair with Promotional Offer  fits=yes
   [14/68] 1619626402868234  strength=0.7  candidate:Product Pair with Promotional Offer  fits=yes
   [15/68] 1966195421005333  strength=0.7  candidate:Product Pair with Promotional Offer  fits=yes
   [16/68] 1113665117890378  strength=0.5  candidate:Product Bundle with Discount Offer  fits=yes
   [17/68] 1047188348091309  strength=0.7  candidate:Product Showcase with Tiered Gifting Offer  fits=yes
   [18/68] 3918707194934792  strength=0.8  candidate:Product with Environmental Context & Feature Callouts  fits=conditional
   [19/68] 2058381874794013  strength=0.7  candidate:Product Showcase with Tiered Gifting Offer  fits=yes
   [20/68] 1665333361594920  strength=0.7  candidate:Product Stack Showcase with Offer  fits=yes
   [21/68] 1758275608679094  strength=0.8  candidate:Product with Social Proof & Floating Ingredients  fits=conditional
   [22/68] 1555605842428656  strength=0.7  candidate:Product Pair with Promotional Offer  fits=yes
   [23/68] 1613446070382094  strength=0.7  candidate:Product Pair with Promotional Offer  fits=yes
   [24/68] 1612188063917839  strength=0.8  candidate:Product Performance Across Diverse Conditions  fits=conditional
   [25/68] 1661609092056314  strength=0.7  candidate:Product Pair with Promotional Offer  fits=yes
   [26/68] 1353735833500041  strength=0.7  candidate:Product Stack Showcase with Offer  fits=conditional
   [27/68] 1137181055843820  strength=0.7  candidate:Product Stack Showcase with Offer  fits=conditional
   [28/68] 4330957003821710  strength=0.8  candidate:Reverse Psychology Product Callout  fits=conditional
   [29/68] 1866638614316411  strength=0.7  candidate:Reverse Psychology Benefit Callout  fits=conditional
   [30/68] 1066988009589726  strength=0.7  candidate:Product Stack Showcase with Offer  fits=conditional
   [31/68] 3382324598606025  strength=0.7  candidate:Product Stack Showcase with Offer  fits=conditional
   [32/68] 1792768262036576  strength=0.7  candidate:Festive Gift Set Showcase  fits=yes
   [33/68] 1747959699740830  strength=0.7  candidate:Product with Benefit & Feature Callouts  fits=conditional
   [34/68] 2349777419094836  strength=0.7  candidate:Product Pair with Promotional Offer  fits=yes
   [35/68] 1834640377694813  strength=0.8  candidate:Before-After Skin Texture Comparison with Product  fits=no
   [36/68] 2011562212885955  strength=0.7  candidate:Product with Benefit & Feature Callouts  fits=conditional
   [37/68] 4536366969972445  strength=0.7  candidate:Product Pair with Promotional Offer  fits=yes
   [38/68] 2154582251792892  strength=0.7  candidate:Product Stack Showcase with Offer  fits=conditional
   [39/68] 985802554496637  strength=0.8  candidate:Minimal Dosage with Visible Product  fits=conditional
   [40/68] 1122976303392615  strength=0.7  candidate:Product Stack Showcase with Offer  fits=conditional
   [41/68] 1634967554855722  strength=0.7  candidate:Product Pair with Promotional Offer  fits=yes
   [42/68] 1593356795737812  strength=0.8  candidate:Product with Fact Panel  fits=conditional
   [43/68] 1654606280001440  strength=0.8  candidate:Product Comparison with Analogous Experience  fits=conditional
   [44/68] 1384150143348246  strength=0.7  candidate:Product Pair with Promotional Offer  fits=yes
   [45/68] 1581635620329811  strength=0.7  candidate:Product with Benefit & Feature Callouts  fits=conditional
   [46/68] 1743131040252833  strength=0.7  candidate:Product Showcase with Tiered Gifting Offer  fits=yes
   [47/68] 1067892819363958  strength=0.7  candidate:Product with Benefit & Feature Callouts  fits=conditional
   [48/68] 1662241445471163  strength=0.7  candidate:Festive Gift Set Showcase  fits=yes
   [49/68] 4553427998309915  strength=0.7  candidate:Festive Gift Set Showcase  fits=yes
   [50/68] 1037395129338402  strength=0.8  candidate:Reverse Psychology Benefit Reveal  fits=conditional
   [51/68] 1600562608178591  strength=0.7  candidate:Product Pair with Promotional Offer  fits=yes
   [52/68] 986275954498816  strength=0.7  candidate:Product Pair with Promotional Offer  fits=yes
   [53/68] 2358625984884398  strength=0.7  candidate:Product with Benefit & Feature Callouts  fits=conditional
   [54/68] 4152720994859659  strength=0.7  candidate:Product with Benefit & Feature Callouts  fits=conditional
   [55/68] 28187117244238129  strength=0.7  candidate:Product Stack Showcase with Offer  fits=conditional
   [56/68] 1561837552079437  strength=0.8  candidate:Pinch-Sized Product Promise  fits=conditional
   [57/68] 1744888733449282  strength=0.7  candidate:Festive Gift Set Showcase  fits=yes
   [58/68] 979344201848385  strength=0.8  candidate:Product Dosage & Application Guide  fits=conditional
   [59/68] 1400379285370614  strength=0.8  candidate:Problem-Solution: Multi-Concern List  fits=conditional
   [60/68] 2568030096980618  strength=0.8  candidate:Reverse Psychology Benefit Reveal  fits=conditional
   [61/68] 4706119679674378  strength=0.8  candidate:Product with Quantified Benefit Callouts  fits=no
   [62/68] 1779668923202643  strength=0.7  candidate:Product with Notification Benefit  fits=conditional
   [63/68] 1018265324402115  strength=0.7  candidate:Product Notification in Lifestyle Context  fits=conditional
   [64/68] 1611156087128902  strength=0.7  candidate:Product Pair with Promotional Offer  fits=yes
   [65/68] 1044066905038079  strength=0.7  candidate:Product with Benefit & Feature Callouts  fits=conditional
   [66/68] 1075866338433108  strength=0.7  candidate:Digital Reminder with Product  fits=conditional
   [67/68] 1067236215790013  strength=0.8  candidate:Product with Benefit Callouts on Dark Background  fits=conditional
   [68/68] 1107930528246423  strength=0.7  candidate:Festive Gift Set Showcase  fits=yes
>> Beauty of Joseon India: 0 new / 0 ads
>> Reginald Men: 80 new / 80 ads
   [1/80] 1378585817695920  strength=0.8  candidate:Offer Scale Comparison  fits=yes
   [2/80] 1406701734714522  strength=0.7  candidate:Product Trio with Scarcity Offer  fits=yes
   [3/80] 3549384931881273  strength=0.7  candidate:Festive Gift Set Showcase  fits=yes
   [4/80] 1748420573144451  strength=0.7  candidate:Festive Product Display with Cultural Props  fits=conditional
   [5/80] 1369406005273032  strength=0.7  candidate:Festive Gift Set Showcase with Offer  fits=conditional
   [6/80] 1673465958123423  strength=0.7  candidate:Festive Product Display with Cultural Props  fits=conditional
   [7/80] 3040946522908362  strength=0.7  candidate:Festive Product Display with Cultural Props  fits=conditional
   [8/80] 1804814424219413  strength=0.7  candidate:Product with Volume Discount Offer  fits=yes
   [9/80] 1749195982867968  strength=0.8  candidate:Product Offer on a Scale  fits=yes
   [10/80] 1600343374979030  strength=0.7  candidate:Floating Products with Bulk Offer  fits=yes
   [11/80] 1047340237890391  strength=0.7  candidate:Festive Product Display with Cultural Props  fits=conditional
   [12/80] 1721440665800344  strength=0.7  candidate:Product with Volume Discount Offer  fits=yes
   [13/80] 2238297440278980  strength=0.7  candidate:Festive Product Display with Cultural Props  fits=yes
   [14/80] 1070549539231429  strength=0.9  candidate:Before-After User Transformation with Product  fits=no
   [15/80] 1087536133751526  strength=0.7  candidate:Festive Product Display with Cultural Props  fits=conditional
   [16/80] 1409215308005485  strength=0.7  candidate:Festive Product Display with Cultural Props  fits=conditional
   [17/80] 860983750314770  strength=0.8  candidate:Product with Performance Metrics & Offer  fits=conditional
   [18/80] 955787134205220  strength=0.7  candidate:Confident User with Product & Promotional Offer  fits=conditional
   [19/80] 1263428099140490  strength=0.7  candidate:Product with Bulk Offer  fits=yes
   [20/80] 1372746444988767  strength=0.8  candidate:Before-After User Transformation with Product  fits=conditional
   [21/80] 1618958066420471  strength=0.7  candidate:Hero Product with Feature Callouts & Offer  fits=conditional
   [22/80] 1766078204617693  strength=0.7  candidate:Product Stack Showcase with Offer  fits=conditional
   [23/80] 1540910553889832  strength=0.7  candidate:Festive Gift Set Showcase  fits=yes
   [24/80] 2845128752522094  strength=0.7  candidate:Reverse Psychology Product Callout with Offer  fits=conditional
   [25/80] 1657571212009828  strength=0.6  candidate:Floating Products with Bulk Offer  fits=yes
   [26/80] 3576600139184271  strength=0.7  candidate:Confident User with Product & Promotional Offer  fits=yes
   [27/80] 4525324740946725  strength=0.7  candidate:Hero Product with Ingredient Spotlight & Benefit  fits=conditional
   [28/80] 2480481252432663  strength=0.7  candidate:Product Trio with Scarcity Offer  fits=yes
   [29/80] 2292733178130831  strength=0.7  candidate:Before-After User Transformation with Product & Offer  fits=conditional
   [30/80] 2038200186839669  strength=0.7  candidate:Product Stack Showcase with Offer  fits=yes
   [31/80] 2018955536159442  strength=0.8  candidate:Value Offer with Visual Scale Comparison  fits=yes
   [32/80] 2062892607926751  strength=0.6  candidate:Contrarian Headline with Product & Offer  fits=conditional
   [33/80] 1699135538057243  strength=0.7  candidate:Product with Direct Benefit & Offer  fits=conditional
   [34/80] 1869837157323116  strength=0.7  candidate:Festive Product Display with Cultural Props and Offer  fits=conditional
   [35/80] 2147446922501806  strength=0.7  candidate:Festive Gift Set Showcase  fits=conditional
   [36/80] 1366763442280326  strength=0.8  candidate:Before-After User Transformation with Product & Offer  fits=conditional
   [37/80] 1597302528845207  strength=0.8  candidate:Problem-Solution Split Screen  fits=conditional
   [38/80] 1062738349731303  strength=0.7  candidate:Ingredient Spotlight with Product & Offer  fits=conditional
   [39/80] 1781769609808822  strength=0.7  candidate:Product Box with Scratch Card Offer  fits=conditional
   [40/80] 997347579994296  strength=0.7  candidate:Festive Product Display with Cultural Props  fits=yes
   [41/80] 1406211854750204  strength=0.7  candidate:Festive Product Display with Cultural Props  fits=yes
   [42/80] 2098048567471183  strength=0.8  candidate:Scratch Card Offer with Product Display  fits=conditional
   [43/80] 1406869338245659  strength=0.8  candidate:Before-After User Transformation with Product  fits=no
   [44/80] 1069823712115935  strength=0.8  candidate:Before-After User Transformation with Product  fits=no
   [45/80] 2080640362537515  strength=0.7  candidate:Festive Product Display with Cultural Props & Offer  fits=conditional
   [46/80] 1349140513956084  strength=0.7  candidate:Festive Product Display with Cultural Props & Offer  fits=yes
   [47/80] 2847831192282366  strength=0.7  candidate:Product Stack Showcase with Offer  fits=yes
   [48/80] 1909764073035980  strength=0.7  candidate:Festive Gift Set Showcase with Offer  fits=yes
   [49/80] 948706438247749  strength=0.7  candidate:Product Pair with Promotional Offer  fits=yes
   [50/80] 2085414245404673  strength=0.7  candidate:Product Pair with Promotional Offer  fits=yes
   [51/80] 1047063991567503  strength=0.8  candidate:Before-After User Transformation with Product & Festive Offer  fits=no
   [52/80] 2064396867780748  strength=0.7  candidate:Festive Product Display with Cultural Props  fits=yes
   [53/80] 3028684507499188  strength=0.7  candidate:Product Pair with Promotional Offer  fits=yes
   [54/80] 2418047588687240  strength=0.7  candidate:Product Stack Showcase with Offer  fits=yes
   [55/80] 1725818298708053  strength=0.7  candidate:Festive Product Display with Cultural Props  fits=yes
   [56/80] 1385693782988695  strength=0.8  candidate:Before-After User Transformation with Product & Festive Offer  fits=no
   [57/80] 1118509700508530  strength=0.7  candidate:Festive Gift Set Showcase  fits=yes
   [58/80] 1054282400322267  strength=0.7  candidate:Festive Product Display with Cultural Props & Offer  fits=yes
   [59/80] 1731153208138591  strength=0.7  candidate:Product Pair with Promotional Offer  fits=yes
   [60/80] 1012577015070787  strength=0.7  candidate:Festive Product Display with Cultural Props  fits=conditional
   [61/80] 1590335252533529  strength=0.7  candidate:Product Pair with Promotional Offer  fits=yes
   [62/80] 1042793954874843  strength=0.7  candidate:Festive Product Display with Cultural Props  fits=conditional
   [63/80] 1571350164732583  strength=0.7  candidate:Festive Product Display with Cultural Props & Offer  fits=yes
   [64/80] 1425555199415846  strength=0.8  candidate:Festive Gift Set Showcase with Offer  fits=yes
   [65/80] 2105623590312476  strength=0.7  candidate:Festive Product Display with Cultural Props  fits=conditional
   [66/80] 1405823628402083  strength=0.7  candidate:Product Pair with Promotional Offer  fits=yes
   [67/80] 27833928916309333  strength=0.7  candidate:Festive Product Display with Cultural Props  fits=conditional
   [68/80] 1529573015636136  strength=0.7  candidate:Product Stack Showcase with Offer  fits=yes
   [69/80] 1634755311578671  strength=0.7  candidate:Product Stack Showcase with Offer  fits=yes
   [70/80] 920591807765379  strength=0.8  candidate:Before-After User Transformation with Product & Offer  fits=no
   [71/80] 1613973573775524  strength=0.7  candidate:Product Pair with Promotional Offer  fits=yes
   [72/80] 1344498327898296  strength=0.7  candidate:Festive Product Display with Cultural Props  fits=conditional
   [73/80] 28709858285285804  strength=0.7  candidate:Product Pair with Promotional Offer  fits=yes
   [74/80] 962789096854127  strength=0.6  candidate:Hero Product with Ultimate Claim & Offer  fits=conditional
   [75/80] 910815805198355  strength=0.7  candidate:Product Pair with Promotional Offer  fits=yes
   [76/80] 1610579697517241  strength=0.7  candidate:Product Pair with Promotional Offer  fits=yes
   [77/80] 927546667090097  strength=0.7  candidate:Product Pair with Promotional Offer  fits=yes
   [78/80] 1468666835074827  strength=0.8  candidate:Before-After User Transformation with Product & Festive Offer  fits=no
   [79/80] 1836551887328597  strength=0.7  candidate:Festive Product Display with Cultural Props  fits=yes
   [80/80] 1767776884336478  strength=0.7  candidate:Product Pair with Promotional Offer  fits=yes
>> Neutrogena India: 2 new / 2 ads
   [1/2] 1806194673708417  strength=0.7  candidate:Product in Dynamic Liquid Environment  fits=conditional
   [2/2] 4492072777674177  strength=0.8  candidate:Product with Ingredient Callouts on Water  fits=conditional
>> La Shield Sunscreen: 5 new / 5 ads
   [1/5] 1595170868655487  strength=0.8  candidate:Confident User with Product & Brand Authority  fits=conditional
   [2/5] 1411893093668369  strength=0.7  candidate:Product in Hand with Sky Background & Benefit Callouts  fits=conditional
   [3/5] 1909054007171277  strength=0.7  candidate:Expert Endorsement with Feature Callouts  fits=conditional
   [4/5] 1079389747830526  strength=0.8  candidate:Before-After User Transformation with Product  fits=conditional
   [5/5] 1622055479558867  strength=0.8  candidate:Problem-Solution: Targeted Skin Concern  fits=conditional
>> Cetaphil India: 2 new / 2 ads
   [1/2] 1636428877603233  strength=0.8  candidate:Numbered Routine with Product Showcase  fits=conditional
   [2/2] 1043863824915423  strength=0.7  candidate:Product Pair with Authority & Testing Badges  fits=conditional
>> Molecular Company: 51 new / 51 ads
   [1/51] 1018767860862493  strength=0.5  candidate:Product in Hand with Direct Benefit & Offer  fits=conditional
   [2/51] 884653648021634  strength=0.6  candidate:Hero Product with Direct Benefit & Offer  fits=conditional
   [3/51] 1790001294767461  strength=0.8  product-with-raw-ingredients-&-prepared-food  fits=yes
   [4/51] 1720996135899794  strength=0.5  candidate:Handwritten Urgent Offer  fits=conditional
   [5/51] 1874526393953689  strength=0.7  candidate:Festive Product Display with Cultural Props & Offer  fits=yes
   [6/51] 3558364857644409  strength=0.8  candidate:Reverse Warning Benefit Callout  fits=conditional
   [7/51] 1435822125181416  strength=0.9  candidate:Before-After User Transformation with Product  fits=no
   [8/51] 28052570944438714  strength=0.8  candidate:Before-After User Transformation with Product & Scientific Credibility  fits=no
   [9/51] 1808081430184282  strength=0.8  candidate:Product with Visible Encapsulated Ingredients  fits=conditional
   [10/51] 1052934530990561  strength=0.7  candidate:Product Pair with Promotional Offer  fits=conditional
   [11/51] 4535841793410682  strength=0.6  candidate:Handwritten Offer on Product Background  fits=conditional
   [12/51] 1390740845724087  strength=0.7  candidate:Product Pair with Benefit & Offer  fits=conditional
   [13/51] 1615673846927840  strength=0.6  candidate:Product Offer on Handwritten Note  fits=conditional
   [14/51] 2165870407382308  strength=0.7  candidate:Product Pair for Enhanced Benefit  fits=conditional
   [15/51] 1057842920383406  strength=0.9  candidate:Before-After User Transformation with Product  fits=no
   [16/51] 2839069516476992  strength=0.8  candidate:Product Combo with Benefit Callouts & Offer  fits=conditional
   [17/51] 1752538882686320  strength=0.8  candidate:Product with Dripping Viscosity & Benefit Callouts  fits=conditional
   [18/51] 1747254622985929  strength=0.6  candidate:Handwritten Urgent Offer  fits=conditional
   [19/51] 4627143737519258  strength=0.7  candidate:Product with Benefit & Feature Callouts  fits=conditional
   [20/51] 2679524155797353  strength=0.6  candidate:Product Pair with Benefit & Offer  fits=conditional
   [21/51] 1042958025013796  strength=0.8  candidate:Product Protocol Showcase  fits=conditional
   [22/51] 2533194543796316  strength=0.7  candidate:Problem-Solution Combo with Negative Framing  fits=conditional
   [23/51] 1057403036928228  strength=0.8  candidate:Myth-Busting Product Showcase  fits=conditional
   [24/51] 1842055557135217  strength=0.8  candidate:Problem-Solution: Targeted Skin Concerns  fits=conditional
   [25/51] 1376937503947481  strength=0.7  candidate:Festive Gift Set Showcase  fits=yes
   [26/51] 1607673267379738  strength=0.8  candidate:Encapsulated Ingredient Transparency  fits=conditional
   [27/51] 1430586682336489  strength=0.9  pile-vs-one  fits=conditional
   [28/51] 1614887306857836  strength=0.8  candidate:Encapsulated Ingredient Superiority  fits=conditional
   [29/51] 2124644088089162  strength=0.8  candidate:Product on Reflective Surface with Ingredient Callout  fits=conditional
   [30/51] 1798426251344211  strength=0.8  candidate:Progressive Benefit Timeline with Product  fits=no
   [31/51] 1439042221434439  strength=0.7  pile-vs-one  fits=conditional
   [32/51] 1599753018302504  strength=0.9  candidate:Before-After User Transformation with Product  fits=no
   [33/51] 2134482450827402  strength=0.8  candidate:Product with Ingredient Flow & Callout  fits=conditional
   [34/51] 2188091268407041  strength=0.9  candidate:Before-After User Transformation with Product  fits=no
   [35/51] 1805005720919335  strength=0.8  candidate:Encapsulated Ingredient Visual  fits=no
   [36/51] 2236890267174555  strength=0.8  candidate:Before-After User Transformation with Product  fits=no
   [37/51] 1636091028235340  strength=0.8  candidate:Encapsulated Ingredient Efficacy Showcase  fits=conditional
   [38/51] 1026498770425764  strength=0.8  candidate:Before-After User Transformation with Product  fits=no
   [39/51] 1046471128024279  strength=0.7  candidate:Festive Gift Set Showcase  fits=yes
   [40/51] 1017330894667850  strength=0.8  candidate:Product with Encapsulated Ingredient Callout  fits=conditional
   [41/51] 1427023772820487  strength=0.6  candidate:Hero Product with Price & Urgency  fits=conditional
   [42/51] 2280766612461444  strength=0.8  candidate:Before-After User Transformation with Product  fits=no
   [43/51] 2951585411846713  strength=0.8  candidate:User Testimonial with Product & Social Proof  fits=conditional
   [44/51] 1524901502015693  strength=0.5  candidate:Hero Product with Direct Benefit & Price  fits=conditional
   [45/51] 1791787872007125  strength=0.8  candidate:Before-After User Transformation with Product  fits=no
   [46/51] 1427605929247761  strength=0.7  candidate:Product Pair with Promotional Offer  fits=yes
   [47/51] 1737482390803846  strength=0.7  candidate:Product Multi-Pack with Discount  fits=yes
   [48/51] 1595904558856115  strength=0.8  candidate:Statistical Proof with Product & Offer  fits=conditional
   [49/51] 1546771820090479  strength=0.7  candidate:Product Reveal on Platter  fits=conditional
   [50/51] 1707151677030763  strength=0.8  candidate:Progressive Benefit Timeline with Product  fits=conditional
   [51/51] 27950012921336593  strength=0.8  candidate:Progressive Benefit Timeline with Product  fits=conditional
>> Personal Touch Skincare: 48 new / 48 ads
   [1/48] 4095994314034152  strength=0.7  candidate:Product Kit with Ingredient Callouts & Social Proof  fits=conditional
   [2/48] 887667990703871  strength=0.6  candidate:Product Stack Showcase with Offer  fits=conditional
   [3/48] 1013901464843721  strength=0.8  candidate:Product with Ingredient Swatches  fits=conditional
   [4/48] 985566377786801  strength=0.9  candidate:Before-After User Transformation with Product  fits=conditional
   [5/48] 1579598403713035  strength=0.8  candidate:Product Cleansing with Natural Elements  fits=conditional
   [6/48] 878054771994122  strength=0.9  candidate:Before-After User Transformation with Product  fits=no
   [7/48] 2606398509775776  strength=0.8  candidate:Before-After User Transformation with Product Kit & Offer  fits=conditional
   [8/48] 1263635835662687  strength=0.7  candidate:Product Kit with Ingredient Callouts & Social Proof  fits=conditional
   [9/48] 1963015621035304  strength=0.8  candidate:Before-After User Transformation with Product  fits=no
   [10/48] 2029246957945916  strength=0.7  candidate:Product Trio with Value Offer  fits=conditional
   [11/48] 1536947058042740  strength=0.9  candidate:Before-After User Transformation with Product  fits=no
   [12/48] 2473304749850474  strength=0.8  candidate:Before-After User Transformation with Product  fits=no
   [13/48] 1816101346030788  strength=0.8  candidate:Confident User with Product & Benefit Callouts  fits=conditional
   [14/48] 2187724011961070  strength=0.8  candidate:Before-After User Transformation with Product Kit & Offer  fits=conditional
   [15/48] 1332043918368846  strength=0.7  candidate:Product Kit with Ingredient Callouts & Social Proof  fits=conditional
   [16/48] 1654544509214209  strength=0.7  candidate:Product Trio with Promotional Offer  fits=conditional
   [17/48] 1021867200290850  strength=0.8  candidate:Before-After User Transformation with Product  fits=no
   [18/48] 1212761074117120  strength=0.9  candidate:Before-After User Transformation with Benefit Headline  fits=no
   [19/48] 1550418193291116  strength=0.8  candidate:Confident User with Product & Benefit Callouts  fits=conditional
   [20/48] 1398197742295723  strength=0.6  candidate:Product Multi-Pack with Scarcity Offer  fits=yes
   [21/48] 4432117963737776  strength=0.7  candidate:Product Stack Showcase with Offer  fits=conditional
   [22/48] 991227350256791  strength=0.8  candidate:Hero Product with Ingredient Callouts & Benefits  fits=conditional
   [23/48] 1476971967529108  strength=0.8  candidate:Historical Figure with Modern Solution  fits=conditional
   [24/48] 998110759770514  strength=0.6  candidate:Product Bundle with Discount Offer  fits=yes
   [25/48] 1491280492489905  strength=0.8  candidate:Before-After User Transformation with Product & Testimonial  fits=no
   [26/48] 1831492147818156  strength=0.7  candidate:Product Stack Showcase with Offer  fits=yes
   [27/48] 27324677337162580  strength=0.8  candidate:Before-After User Transformation with Product  fits=conditional
   [28/48] 2811698805875887  strength=0.8  candidate:Value Offer on Scale  fits=conditional
   [29/48] 2226614834858960  strength=0.8  candidate:Product with Benefit Bubbles & All-in-One Visual  fits=conditional
   [30/48] 1221583659992247  strength=0.7  candidate:Hero Product with Floating Ingredients & Names  fits=conditional
   [31/48] 2854236498244422  strength=0.8  candidate:Before-After User Transformation with Product  fits=no
   [32/48] 906306578605035  strength=0.9  candidate:Before-After User Transformation with Product  fits=no
   [33/48] 2102101504061211  strength=0.8  candidate:Confident User with Product & Benefit Callouts  fits=conditional
   [34/48] 1303500598521274  strength=0.9  candidate:Before-After User Transformation with Product  fits=no
   [35/48] 1643111690863784  strength=0.8  candidate:Before-After User Transformation with Product  fits=conditional
   [36/48] 1436685698502203  strength=0.7  candidate:Product Stack Showcase with Offer  fits=yes
   [37/48] 2839745826395166  strength=0.8  candidate:Hero Product with Ingredient List & Benefit  fits=conditional
   [38/48] 2213432956118144  strength=0.8  candidate:Before-After Skin Transformation with Product  fits=no
   [39/48] 1752420559099381  strength=0.9  candidate:Before-After Split Screen with Product  fits=no
   [40/48] 1053005220810191  strength=0.8  candidate:Before-After User Transformation with Product  fits=no
   [41/48] 1051703127364521  strength=0.8  candidate:Progressive Benefit Timeline with Product  fits=no
   [42/48] 1035617155881628  strength=0.9  candidate:Before-After User Transformation with Product  fits=no
   [43/48] 1104253362031305  strength=0.9  candidate:Progressive Benefit Timeline with Product  fits=no
   [44/48] 2222618538571857  strength=0.6  candidate:Product Stack Showcase with Offer  fits=yes
   [45/48] 1604873271347745  strength=0.8  candidate:Before-After User Transformation with Product  fits=no
   [46/48] 1070230685545171  strength=0.9  candidate:Before-After User Transformation with Product  fits=no
   [47/48] 1596197948832528  strength=0.9  candidate:Before-After User Transformation with Product  fits=no
   [48/48] 1003467762707339  strength=0.8  candidate:Before-After User Transformation with Product  fits=conditional
>> Vaseline India: 11 new / 11 ads
   [1/11] 1711152713485785  strength=0.8  candidate:Product with Ingredient Power & Benefit Callouts  fits=conditional
   [2/11] 27183210021352715  strength=0.8  candidate:Hero Product with Floating Ingredients & Names  fits=conditional
   [3/11] 1393241583012739  strength=0.8  candidate:Product with Enhanced Ingredient Callouts  fits=conditional
   [4/11] 4506107629667253  strength=0.8  candidate:Hero Product with Floating Ingredients & Names  fits=conditional
   [5/11] 1442093227975188  strength=0.7  candidate:Product Lineup with Mood-Based Choice  fits=conditional
   [6/11] 4694227297572639  strength=0.7  candidate:Product with Abstract Benefit Visualization  fits=conditional
   [7/11] 2575681962878892  strength=0.7  candidate:Product Lineup with Mood-Setting Question  fits=conditional
   [8/11] 28589462754077141  strength=0.7  candidate:Product Lineup with Mood-Setting Question  fits=conditional
   [9/11] 27849283221440275  strength=0.7  candidate:Product with Abstract Benefit Visualization  fits=conditional
   [10/11] 1845475333287319  strength=0.7  candidate:Product with Abstract Benefit Visualization  fits=conditional
   [11/11] 2332408704245689  strength=0.7  candidate:Product Lineup with Mood-Based Choice  fits=conditional
>> Venusia Max: 0 new / 0 ads
>> Fixderma: 0 new / 0 ads
>> SunScoop: 16 new / 16 ads
   [1/16] 1776549809982224  strength=0.7  candidate:Product with Lifestyle & Benefit Callouts  fits=conditional
   [2/16] 1480979526731778  strength=0.7  candidate:Social Proof Product Showcase  fits=conditional
   [3/16] 988201883705072  strength=0.7  candidate:Product in Lifestyle Carry Bag with Offer  fits=conditional
   [4/16] 4457282224560450  strength=0.7  candidate:Confident User with Product & Benefit Callouts  fits=conditional
   [5/16] 2169837397127876  strength=0.7  candidate:Product in Lifestyle Carry Bag with Offer  fits=conditional
   [6/16] 2548973868837973  strength=0.8  candidate:Before-After Skin Texture with Product  fits=no
   [7/16] 1290257343048795  strength=0.6  candidate:Product Pair with Benefit & Social Proof  fits=conditional
   [8/16] 2157288404836931  strength=0.7  candidate:Product Pair with Benefit Callouts  fits=conditional
   [9/16] 1619669706176732  strength=0.8  candidate:Before-After User Transformation with Product  fits=no
   [10/16] 903120979178006  strength=0.8  candidate:Before-After Skin Transformation with Product  fits=conditional
   [11/16] 1322119936661658  strength=0.8  candidate:Before-After User Transformation with Product  fits=conditional
   [12/16] 1426534196050095  strength=0.8  candidate:Before-After User Transformation with Product  fits=no
   [13/16] 2902563780106438  strength=0.7  candidate:Social Proof Product Showcase  fits=conditional
   [14/16] 1316834677188847  strength=0.9  candidate:Before-After User Transformation with Product  fits=conditional
   [15/16] 29333665676264996  strength=0.8  candidate:Before-After User Transformation with Product  fits=conditional
   [16/16] 2114611279452833  strength=0.8  candidate:Before-After User Transformation with Product  fits=conditional
>> Dermatouch: 29 new / 29 ads
   [1/29] 2054162758500273  strength=0.8  candidate:Product with Benefit & Feature Callouts  fits=yes
   [2/29] 1540762303967085  strength=0.9  candidate:Before-After User Transformation with Product  fits=conditional
   [3/29] 1691407478756515  strength=0.8  candidate:Hero Product with Key Ingredient & Benefit Callouts  fits=conditional
   [4/29] 1019934427479538  strength=0.8  candidate:Problem-Solution: User Discomfort with Product  fits=conditional
   [5/29] 2235208717324416  strength=0.7  candidate:Hero Product with Benefit & Credibility Callouts  fits=conditional
   [6/29] 930379419506840  strength=0.7  candidate:Hero Product with Benefit & Credibility Callouts  fits=conditional
   [7/29] 810570008768738  strength=0.8  candidate:Chat Conversation Problem-Solution  fits=conditional
   [8/29] 4026896330948837  strength=0.8  candidate:Hero Ingredient with Benefit Checklist  fits=conditional
   [9/29] 2400805560752891  strength=0.9  candidate:Before-After User Transformation with Product  fits=no
   [10/29] 1543030824012800  strength=0.8  candidate:Product in Expert Hand with Ingredient Callouts  fits=conditional
   [11/29] 3186498911522412  strength=0.7  candidate:Product Stack Showcase with Offer  fits=yes
   [12/29] 1007048585710463  strength=0.9  candidate:Before-After User Transformation with Product  fits=conditional
   [13/29] 1389527299686018  strength=0.8  candidate:Product with Benefit & Feature Callouts  fits=conditional
   [14/29] 1464707235400657  strength=0.7  candidate:Product with Benefit & Feature Callouts  fits=conditional
   [15/29] 1582692472796053  strength=0.8  candidate:Hero Product with Benefit & Ingredient Callouts  fits=conditional
   [16/29] 960471819826287  strength=0.8  candidate:Problem Checklist with Product Solution  fits=conditional
   [17/29] 1456197945878765  strength=0.8  candidate:Internal Problem Visualization with Solution  fits=conditional
   [18/29] 1963902114212996  strength=0.8  candidate:Problem-Solution: Mirror Reflection  fits=no
   [19/29] 933130272963405  strength=0.8  candidate:Product with Benefit & Feature Callouts  fits=conditional
   [20/29] 945882511417432  strength=0.7  candidate:Hero Product with Benefit & Feature Callouts  fits=conditional
   [21/29] 2909947239337342  strength=0.8  candidate:Problem-Solution: User Reflection  fits=conditional
   [22/29] 1486265106497366  strength=0.8  candidate:Internal Problem Visualization with Solution  fits=conditional
   [23/29] 2139133093389899  strength=0.7  candidate:Product with Scientific Credibility Callouts  fits=conditional
   [24/29] 1579321960283050  strength=0.8  candidate:Product with Benefit & Feature Callouts  fits=conditional
   [25/29] 1420029996834625  strength=0.7  candidate:Product with Benefit & Feature Callouts  fits=yes
   [26/29] 1508098647993384  strength=0.8  candidate:Generic vs. Specific Product Comparison  fits=conditional
   [27/29] 1252316487113433  strength=0.7  candidate:Hero Product with Benefit & Feature Callouts  fits=yes
   [28/29] 1481579453325963  strength=0.8  candidate:Product with Benefit & Feature Callouts  fits=conditional
   [29/29] 850905107350444  strength=0.8  candidate:Generic vs. Specific Comparison Table  fits=conditional
>> Suncros Sunscreen: 0 new / 0 ads
>> Lotus Herbals: 14 new / 14 ads
   [1/14] 1114650851024661  strength=0.7  candidate:Dynamic Water Splash with Text Overlay  fits=conditional
   [2/14] 29416722947916018  strength=0.8  candidate:Internal Problem Visualization with Solution  fits=conditional
   [3/14] 1766477767924443  strength=0.7  candidate:Internal Problem Visualization with Solution  fits=conditional
   [4/14] 1581867206919524  strength=0.8  candidate:Clinical & Botanical Ingredient Showcase  fits=conditional
   [5/14] 1556112346265008  strength=0.8  candidate:Internal Problem Visualization with Solution  fits=conditional
   [6/14] 1093150253106267  strength=0.8  candidate:Product with Water & Ingredient Callouts  fits=conditional
   [7/14] 2301034667379944  strength=0.7  candidate:Internal Soothing Visualization  fits=conditional
   [8/14] 29091312813803075  strength=0.7  candidate:Product Behind Glass Barrier  fits=conditional
   [9/14] 3904842159666706  strength=0.7  candidate:Product as Trendsetter  fits=conditional
   [10/14] 2908563192833945  strength=0.6  candidate:Product with Aspirational User & Benefit Callouts  fits=conditional
   [11/14] 4438220483099799  strength=0.6  candidate:Hero Product with Benefit & Delivery Callouts  fits=conditional
   [12/14] 1741791420431280  strength=0.6  candidate:Teaser Reveal with Call to Action  fits=yes
   [13/14] 28380505148268687  strength=0.6  candidate:Product with Aspirational User & Benefit Callouts  fits=conditional
   [14/14] 1589502605990538  strength=0.7  candidate:Festive Product Display with Delivery Offer  fits=conditional
catalogue (supabase): 5 named roots, 974 candidates
Review candidates in the UI and Promote / Merge them by hand.
=== VERSIONS (new ads only) ===
1574 ads to version (of 2280 total, 706 skipped)
  [1/1574] 983523194669342 (Minimalist) -> ['PASS', 'PASS', 'FAIL']
  [2/1574] 1792768262036576 (RE EQUIL) -> ['PASS', 'PASS', 'FAIL']
  [3/1574] 1584121050103886 (Fast&Up India) -> ['FAIL', 'FAIL', 'FAIL']
  [4/1574] 1248566807253131 (Minimalist) -> ['FAIL', 'FAIL', 'FAIL']
  [5/1574] 1111018274708028 (Pilgrim) -> ['PASS', 'PASS', 'PASS']
  [6/1574] 1340092097967278 (Foxtale) -> ['PASS', 'PASS', 'PASS']
  [7/1574] 1662241445471163 (RE EQUIL) -> ['PASS', 'PASS', 'FAIL']
  [8/1574] 1058846929815372 (Minimalist) -> ['FAIL', 'FAIL', 'FAIL']
  [9/1574] 1611808079933700 (The Whole Truth Foods) -> ['PASS', 'PASS', 'PASS']
  [10/1574] 1052585330967773 (Dot & Key) -> ['FAIL', 'FAIL', 'FAIL']
  [11/1574] 1395621091996167 (Aqualogica) -> ['PASS', 'FAIL', 'PASS']
  [12/1574] 1814263283086528 (Aqualogica) -> ['PASS', 'FAIL', 'FAIL']
  [13/1574] 1750947279544426 (The Whole Truth Foods) -> ['PASS', 'PASS', 'FAIL']
  [14/1574] 28276593871997858 (Aqualogica) -> ['PASS', 'FAIL', 'FAIL']
  [15/1574] 1032002299622315 (The Whole Truth Foods) -> ['PASS', 'PASS', 'PASS']
  [16/1574] 914204928075592 (Aqualogica) -> ['PASS', 'PASS', 'FAIL']
  [17/1574] 1076778985046842 (The Whole Truth Foods) -> ['PASS', 'FAIL', 'PASS']
  [18/1574] 1580651639678590 (Dot & Key) -> ['PASS', 'PASS', 'PASS']
  [19/1574] 1796811395107695 (Optimum Nutrition) -> ['FAIL', 'FAIL', 'FAIL']
  [20/1574] 1122093473487449 (The Whole Truth Foods) -> ['PASS', 'FAIL', 'FAIL']
    -- flushed 20 to Supabase --
  [21/1574] 4763563740529723 (Aqualogica) -> ['PASS', 'FAIL', 'FAIL']
  [22/1574] 1625030565917269 (The Whole Truth Foods) -> ['PASS', 'PASS', 'PASS']
  [23/1574] 1537975948074791 (Aqualogica) -> ['PASS', 'FAIL', 'PASS']
  [24/1574] 902640915973582 (The Whole Truth Foods) -> ['PASS', 'PASS', 'PASS']
  [25/1574] 1718379516122104 (The Whole Truth Foods) -> ['PASS', 'PASS', 'PASS']
  [26/1574] 27291474300526026 (Aqualogica) -> ['PASS', 'PASS', 'PASS']
  [27/1574] 1078566594689170 (Dot & Key) -> ['PASS', 'PASS', 'PASS']
  [28/1574] 1326181076257868 (Optimum Nutrition) -> ['PASS', 'PASS', 'FAIL']
  [29/1574] 1337638141530683 (Pilgrim) -> ['PASS', 'PASS', 'PASS']
  [30/1574] 2593621517723635 (Dot & Key) -> ['FAIL', 'PASS', 'FAIL']
  [31/1574] 2147913176137574 (Optimum Nutrition) -> ['PASS', 'FAIL', 'FAIL']
  [32/1574] 2869501446765475 (The Whole Truth Foods) -> ['PASS', 'FAIL', 'PASS']
  [33/1574] 1000219876379194 (Pilgrim) -> ['PASS', 'FAIL', 'PASS']
  [34/1574] 1060708996827139 (Pilgrim) -> ['FAIL', 'FAIL', 'FAIL']
  [35/1574] 1420890446893063 (Pilgrim) -> ['FAIL', 'FAIL', 'PASS']
  [36/1574] 1354049630048516 (Pilgrim) -> ['PASS', 'FAIL', 'PASS']
  [37/1574] 1049457384556418 (Pilgrim) -> ['PASS', 'FAIL', 'FAIL']
  [38/1574] 2073610133275783 (Pilgrim) -> ['PASS', 'PASS', 'PASS']
  [39/1574] 1003477839409967 (Pilgrim) -> ['PASS', 'FAIL', 'FAIL']
  [40/1574] 3027124550967342 (Pilgrim) -> ['PASS', 'FAIL', 'PASS']
    -- flushed 20 to Supabase --
  [41/1574] 1065374446192830 (Pilgrim) -> ['NEEDS_EDIT', 'PASS', 'PASS']
  [42/1574] 1753516685592316 (The Derma Co) -> ['PASS', 'PASS', 'PASS']
  [43/1574] 4305763079698667 (The Derma Co) -> ['FAIL', 'PASS', 'FAIL']
  [44/1574] 1686695169070390 (The Derma Co) -> ['PASS', 'FAIL', 'FAIL']
  [45/1574] 1393241583012739 (Vaseline India) -> ['PASS', 'PASS', 'PASS']
  [46/1574] 884653648021634 (Molecular Company) -> ['PASS', 'PASS', 'PASS']
  [47/1574] 1018767860862493 (Molecular Company) -> ['FAIL', 'PASS', 'FAIL']
  [48/1574] 946835521800229 (The Whole Truth Foods) -> ['PASS', 'PASS', 'PASS']
  [49/1574] 26568876469439362 (MuscleBlaze) -> ['PASS', 'FAIL', 'PASS']
  [50/1574] 1604316287869886 (Dot & Key) -> ['PASS', 'PASS', 'PASS']
  [51/1574] 2682630038781161 (MuscleBlaze) -> ['PASS', 'PASS', 'PASS']
  [52/1574] 2343039256227307 (MuscleBlaze) -> ['PASS', 'PASS', 'FAIL']
  [53/1574] 26960358556970391 (MuscleBlaze) -> ['PASS', 'FAIL', 'PASS']
  [54/1574] 2015512595695043 (MuscleBlaze) -> ['FAIL', 'FAIL', 'FAIL']
  [55/1574] 1352219293659718 (The Whole Truth Foods) -> ['PASS', 'FAIL', 'FAIL']
  [56/1574] 2289691101840164 (Insight Cosmetics) -> ['PASS', 'PASS', 'FAIL']
  [57/1574] 1441026251175728 (The Derma Co) -> ['PASS', 'PASS', 'PASS']
  [58/1574] 1470174347932886 (Dot & Key) -> ['FAIL', 'FAIL', 'FAIL']
  [59/1574] 1393533052968055 (Dot & Key) -> ['FAIL', 'FAIL', 'PASS']
  [60/1574] 900913646214997 (The Whole Truth Foods) -> ['PASS', 'FAIL', 'NEEDS_EDIT']
    -- flushed 20 to Supabase --
  [61/1574] 2660252944404429 (The Whole Truth Foods) -> ['PASS', 'PASS', 'PASS']
  [62/1574] 2041216953181171 (The Derma Co) -> ['PASS', 'FAIL', 'FAIL']
  [63/1574] 1636610098244307 (The Whole Truth Foods) -> ['PASS', 'PASS', 'PASS']
  [64/1574] 1641892494023517 (The Whole Truth Foods) -> ['PASS', 'PASS', 'PASS']
  [65/1574] 1121164337007553 (The Whole Truth Foods) -> ['PASS', 'FAIL', 'PASS']
  [66/1574] 1351353960219830 (MuscleBlaze) -> ['PASS', 'FAIL', 'PASS']
  [67/1574] 952918313996338 (MuscleBlaze) -> ['PASS', 'PASS', 'FAIL']
  [68/1574] 2107553463473426 (The Whole Truth Foods) -> ['PASS', 'PASS', 'PASS']
  [69/1574] 3122612637930007 (The Whole Truth Foods) -> ['PASS', 'PASS', 'FAIL']
  [70/1574] 1418076786842041 (The Derma Co) -> ['FAIL', 'FAIL', 'FAIL']
  [71/1574] 1603819377856674 (The Whole Truth Foods) -> ['PASS', 'NEEDS_EDIT', 'PASS']
  [72/1574] 3914782015324210 (MuscleBlaze) -> ['FAIL', 'FAIL', 'PASS']
  [73/1574] 1586631949629010 (The Whole Truth Foods) -> ['PASS', 'FAIL', 'PASS']
  [74/1574] 1808698050183676 (The Whole Truth Foods) -> ['PASS', 'FAIL', 'FAIL']
  [75/1574] 1406565258247440 (The Derma Co) -> ['PASS', 'PASS', 'PASS']
  [76/1574] 4729590437262957 (The Whole Truth Foods) -> ['PASS', 'FAIL', 'FAIL']
  [77/1574] 1757628892056533 (Pilgrim) -> ['FAIL', 'FAIL', 'FAIL']
  [78/1574] 1311673604151762 (MuscleBlaze) -> ['PASS', 'FAIL', 'PASS']
  [79/1574] 895501176716553 (MuscleBlaze) -> ['PASS', 'FAIL', 'PASS']
  [80/1574] 3501771836665664 (The Whole Truth Foods) -> ['PASS', 'FAIL', 'PASS']
    -- flushed 20 to Supabase --
  [81/1574] 2168964153877683 (MuscleBlaze) -> ['FAIL', 'PASS', 'PASS']
  [82/1574] 1584571649798369 (MuscleBlaze) -> ['FAIL', 'FAIL', 'PASS']
  [83/1574] 2172882010294037 (MuscleBlaze) -> ['PASS', 'PASS', 'PASS']
  [84/1574] 1694142728312982 (MuscleBlaze) -> ['NEEDS_EDIT', 'FAIL', 'PASS']
  [85/1574] 3287545951445954 (MuscleBlaze) -> ['PASS', 'PASS', 'FAIL']
  [86/1574] 2400150654136728 (MuscleBlaze) -> ['PASS', 'PASS', 'PASS']
  [87/1574] 1391810956285917 (MuscleBlaze) -> ['FAIL', 'FAIL', 'PASS']
  [88/1574] 2409439569523453 (MuscleBlaze) -> ['FAIL', 'FAIL', 'FAIL']
  [89/1574] 1411718620902373 (MuscleBlaze) -> ['PASS', 'FAIL', 'PASS']
  [90/1574] 1762378961688781 (The Whole Truth Foods) -> ['PASS', 'FAIL', 'PASS']
  [91/1574] 1437765254899397 (The Derma Co) -> ['PASS', 'FAIL', 'PASS']
  [92/1574] 2474933709584134 (MuscleBlaze) -> ['NEEDS_EDIT', 'FAIL', 'PASS']
  [93/1574] 38451653337753127 (The Whole Truth Foods) -> ['PASS', 'FAIL', 'FAIL']
  [94/1574] 1689584642340958 (Pilgrim) -> ['PASS', 'FAIL', 'PASS']
  [95/1574] 1111995831170496 (Pilgrim) -> ['FAIL', 'FAIL', 'FAIL']
  [96/1574] 2901691403505161 (Myprotein) -> ['PASS', 'PASS', 'PASS']
  [97/1574] 853652714501453 (MuscleBlaze) -> ['FAIL', 'FAIL', 'PASS']
  [98/1574] 2340656093454617 (MuscleBlaze) -> ['NEEDS_EDIT', 'FAIL', 'PASS']
  [99/1574] 2046885572527268 (MuscleBlaze) -> ['FAIL', 'PASS', 'FAIL']
  [100/1574] 1016205557498357 (MuscleBlaze) -> ['PASS', 'FAIL', 'FAIL']
    -- flushed 20 to Supabase --
  [101/1574] 835556122907381 (MuscleBlaze) -> ['PASS', 'FAIL', 'FAIL']
  [102/1574] 1102010365834815 (MuscleBlaze) -> ['FAIL', 'FAIL', 'FAIL']
  [103/1574] 2008766359868156 (MuscleBlaze) -> ['PASS', 'FAIL', 'FAIL']
  [104/1574] 28067590796199443 (Myprotein) -> ['PASS', 'PASS', 'PASS']
  [105/1574] 1383556336614987 (Hyphen Skincare) -> ['FAIL', 'FAIL', 'PASS']
  [106/1574] 1881497176591060 (The Whole Truth Foods) -> ['PASS', 'PASS', 'PASS']
  [107/1574] 2315574475858090 (Dr Sheths) -> ['PASS', 'PASS', 'PASS']
  [108/1574] 1407038578228058 (Pilgrim) -> ['PASS', 'FAIL', 'PASS']
  [109/1574] 1752568045984613 (MuscleBlaze) -> ['PASS', 'PASS', 'PASS']
  [110/1574] 1052827634019814 (MuscleBlaze) -> ['PASS', 'PASS', 'PASS']
  [111/1574] 930764443189089 (MuscleBlaze) -> ['PASS', 'PASS', 'FAIL']
  [112/1574] 2007703620100151 (MuscleBlaze) -> ['PASS', 'FAIL', 'PASS']
  [113/1574] 969337512443278 (MuscleBlaze) -> ['PASS', 'PASS', 'FAIL']
  [114/1574] 4943356929231912 (MuscleBlaze) -> ['FAIL', 'FAIL', 'PASS']
  [115/1574] 2129745114630648 (MuscleBlaze) -> ['PASS', 'FAIL', 'FAIL']
  [116/1574] 1584404193143197 (The Whole Truth Foods) -> ['PASS', 'FAIL', 'PASS']
  [117/1574] 2966829290320285 (MuscleBlaze) -> ['PASS', 'PASS', 'PASS']
  [118/1574] 1477287671086419 (MuscleBlaze) -> ['PASS', 'PASS', 'PASS']
  [119/1574] 1072628348484263 (MuscleBlaze) -> ['PASS', 'PASS', 'PASS']
  [120/1574] 1043926795230234 (MuscleBlaze) -> ['PASS', 'FAIL', 'FAIL']
    -- flushed 20 to Supabase --
  [121/1574] 2591424011277725 (MuscleBlaze) -> ['PASS', 'PASS', 'FAIL']
  [122/1574] 1411338067566139 (MuscleBlaze) -> ['PASS', 'PASS', 'PASS']
  [123/1574] 4505302259743677 (The Whole Truth Foods) -> ['PASS', 'PASS', 'FAIL']
  [124/1574] 1980038795979819 (MuscleBlaze) -> ['FAIL', 'FAIL', 'PASS']
  [125/1574] 1065737899131533 (MuscleBlaze) -> ['PASS', 'PASS', 'PASS']
  [126/1574] 26230415563308037 (MuscleBlaze) -> ['PASS', 'PASS', 'PASS']
  [127/1574] 1405689071713234 (The Whole Truth Foods) -> ['PASS', 'PASS', 'PASS']
  [128/1574] 1790001294767461 (Molecular Company) -> ['PASS', 'FAIL', 'PASS']
  [129/1574] 2297236397754208 (Conscious Chemist) -> ['PASS', 'FAIL', 'FAIL']
  [130/1574] 1720996135899794 (Molecular Company) -> ['FAIL', 'PASS', 'FAIL']
  [131/1574] 2365906137512955 (The Whole Truth Foods) -> ['PASS', 'PASS', 'FAIL']
  [132/1574] 1774506380260672 (Forest Essentials) -> ['PASS', 'FAIL', 'PASS']
  [133/1574] 28170019955958351 (Forest Essentials) -> ['PASS', 'FAIL', 'FAIL']
  [134/1574] 28460210516944893 (The Whole Truth Foods) -> ['PASS', 'FAIL', 'FAIL']
  [135/1574] 900777309526723 (MuscleBlaze) -> ['PASS', 'PASS', 'PASS']
  [136/1574] 1970395090182192 (MuscleBlaze) -> ['FAIL', 'PASS', 'PASS']
  [137/1574] 1090557489963687 (MuscleBlaze) -> ['PASS', 'PASS', 'PASS']
  [138/1574] 2116401652616421 (MuscleBlaze) -> ['PASS', 'PASS', 'PASS']
  [139/1574] 1605104414679071 (MuscleBlaze) -> ['PASS', 'PASS', 'PASS']
  [140/1574] 1111264091423978 (MuscleBlaze) -> ['PASS', 'FAIL', 'PASS']
    -- flushed 20 to Supabase --
  [141/1574] 1037362009142925 (MuscleBlaze) -> ['PASS', 'PASS', 'FAIL']
  [142/1574] 1269166628577102 (MuscleBlaze) -> ['PASS', 'PASS', 'PASS']
  [143/1574] 1036297059269813 (MuscleBlaze) -> ['PASS', 'FAIL', 'PASS']
  [144/1574] 1751953659073887 (Optimum Nutrition) -> ['FAIL', 'FAIL', 'FAIL']
  [145/1574] 2376460396630031 (Optimum Nutrition) -> ['FAIL', 'PASS', 'FAIL']
  [146/1574] 1310379002154220 (Optimum Nutrition) -> ['PASS', 'FAIL', 'PASS']
  [147/1574] 796145023351781 (Optimum Nutrition) -> ['PASS', 'FAIL', 'PASS']
  [148/1574] 1589796135971462 (Optimum Nutrition) -> ['PASS', 'FAIL', 'FAIL']
  [149/1574] 1404566865200319 (Optimum Nutrition) -> ['PASS', 'FAIL', 'PASS']
  [150/1574] 1749848006159833 (Optimum Nutrition) -> ['PASS', 'PASS', 'PASS']
  [151/1574] 1699864024523881 (Myprotein) -> ['PASS', 'PASS', 'PASS']
  [152/1574] 1874526393953689 (Molecular Company) -> ['PASS', 'FAIL', 'FAIL']
  [153/1574] 3558364857644409 (Molecular Company) -> ['FAIL', 'FAIL', 'FAIL']
  [154/1574] 1435822125181416 (Molecular Company) -> ['FAIL', 'NEEDS_EDIT', 'FAIL']
  [155/1574] 28052570944438714 (Molecular Company) -> ['FAIL', 'PASS', 'PASS']
  [156/1574] 1808081430184282 (Molecular Company) -> ['PASS', 'PASS', 'PASS']
  [157/1574] 4506107629667253 (Vaseline India) -> ['PASS', 'PASS', 'PASS']
  [158/1574] 2557786501391089 (The Whole Truth Foods) -> ['PASS', 'PASS', 'PASS']
  [159/1574] 1106117522099037 (Dot & Key) -> ['NEEDS_EDIT', 'PASS', 'PASS']
  [160/1574] 2848362538866197 (Dot & Key) -> ['PASS', 'PASS', 'FAIL']
    -- flushed 20 to Supabase --
  [161/1574] 1040518682111046 (Dot & Key) -> ['PASS', 'FAIL', 'FAIL']
  [162/1574] 2365349530598876 (Dot & Key) -> ['FAIL', 'FAIL', 'PASS']
  [163/1574] 942480971706481 (Dot & Key) -> ['PASS', 'PASS', 'PASS']
  [164/1574] 993265286626637 (Foxtale) -> ['PASS', 'PASS', 'FAIL']
  [165/1574] 1805764447250180 (Foxtale) -> ['FAIL', 'FAIL', 'FAIL']
  [166/1574] 1052934530990561 (Molecular Company) -> ['FAIL', 'PASS', 'PASS']
  [167/1574] 1442093227975188 (Vaseline India) -> ['PASS', 'PASS', 'PASS']
  [168/1574] 1486001952880807 (Yogabar) -> ['PASS', 'FAIL', 'FAIL']
  [169/1574] 25162329396779019 (Yogabar) -> ['PASS', 'FAIL', 'FAIL']
  [170/1574] 897472409914226 (Yogabar) -> ['PASS', 'PASS', 'FAIL']
  [171/1574] 4535841793410682 (Molecular Company) -> ['PASS', 'PASS', 'FAIL']
  [172/1574] 1390740845724087 (Molecular Company) -> ['FAIL', 'FAIL', 'FAIL']
  [173/1574] 1615673846927840 (Molecular Company) -> ['PASS', 'PASS', 'FAIL']
  [174/1574] 2165870407382308 (Molecular Company) -> ['PASS', 'PASS', 'FAIL']
  [175/1574] 1057842920383406 (Molecular Company) -> ['PASS', 'PASS', 'FAIL']
  [176/1574] 2839069516476992 (Molecular Company) -> ['PASS', 'FAIL', 'PASS']
  [177/1574] 1752538882686320 (Molecular Company) -> ['PASS', 'FAIL', 'PASS']
  [178/1574] 1747254622985929 (Molecular Company) -> ['PASS', 'PASS', 'PASS']
  [179/1574] 4694227297572639 (Vaseline India) -> ['PASS', 'FAIL', 'PASS']
  [180/1574] 913451701501203 (Yogabar) -> ['PASS', 'FAIL', 'PASS']
    -- flushed 20 to Supabase --
  [181/1574] 1465201478584137 (Yogabar) -> ['PASS', 'FAIL', 'PASS']
  [182/1574] 3385619474934977 (Yogabar) -> ['FAIL', 'PASS', 'FAIL']
  [183/1574] 1895290854440327 (Foxtale) -> ['PASS', 'FAIL', 'FAIL']
  [184/1574] 1822085235483189 (Myprotein) -> ['PASS', 'PASS', 'PASS']
  [185/1574] 1387501836692381 (Optimum Nutrition) -> ['PASS', 'FAIL', 'FAIL']
  [186/1574] 4627143737519258 (Molecular Company) -> ['FAIL', 'PASS', 'FAIL']
  [187/1574] 1459701865988269 (Optimum Nutrition) -> ['PASS', 'FAIL', 'PASS']
  [188/1574] 1046871797859085 (Optimum Nutrition) -> ['PASS', 'FAIL', 'FAIL']
  [189/1574] 1539508160643568 (Optimum Nutrition) -> ['FAIL', 'FAIL', 'FAIL']
  [190/1574] 1553306973207756 (Optimum Nutrition) -> ['NEEDS_EDIT', 'FAIL', 'FAIL']
  [191/1574] 1067049699071552 (Optimum Nutrition) -> ['PASS', 'FAIL', 'PASS']
  [192/1574] 1401518814779176 (Optimum Nutrition) -> ['PASS', 'PASS', 'FAIL']
  [193/1574] 2679524155797353 (Molecular Company) -> ['FAIL', 'FAIL', 'PASS']
  [194/1574] 1776549809982224 (SunScoop) -> ['PASS', 'PASS', 'FAIL']
  [195/1574] 2659983684398416 (Optimum Nutrition) -> ['PASS', 'FAIL', 'FAIL']
  [196/1574] 1082310740843259 (Optimum Nutrition) -> ['PASS', 'PASS', 'FAIL']
  [197/1574] 1421271040071243 (Optimum Nutrition) -> ['PASS', 'PASS', 'PASS']
  [198/1574] 1581199239670712 (Optimum Nutrition) -> ['PASS', 'PASS', 'PASS']
  [199/1574] 1790691685289673 (Optimum Nutrition) -> ['NEEDS_EDIT', 'PASS', 'FAIL']
  [200/1574] 919942700812180 (Optimum Nutrition) -> ['FAIL', 'FAIL', 'FAIL']
    -- flushed 20 to Supabase --
  [201/1574] 1096299206313002 (Optimum Nutrition) -> ['FAIL', 'FAIL', 'FAIL']
  [202/1574] 1042958025013796 (Molecular Company) -> ['PASS', 'FAIL', 'FAIL']
  [203/1574] 2228103374700336 (Optimum Nutrition) -> ['NEEDS_EDIT', 'FAIL', 'FAIL']
  [204/1574] 28324454933862641 (Optimum Nutrition) -> ['PASS', 'FAIL', 'FAIL']
  [205/1574] 1726629471957900 (Optimum Nutrition) -> ['NEEDS_EDIT', 'PASS', 'PASS']
  [206/1574] 4601357923455528 (Optimum Nutrition) -> ['PASS', 'FAIL', 'FAIL']
  [207/1574] 1159041290127663 (Optimum Nutrition) -> ['NEEDS_EDIT', 'PASS', 'FAIL']
  [208/1574] 947097784500896 (Optimum Nutrition) -> ['NEEDS_EDIT', 'FAIL', 'FAIL']
  [209/1574] 2533194543796316 (Molecular Company) -> ['FAIL', 'FAIL', 'FAIL']
  [210/1574] 1057403036928228 (Molecular Company) -> ['FAIL', 'FAIL', 'PASS']
  [211/1574] 1842055557135217 (Molecular Company) -> ['PASS', 'PASS', 'FAIL']
  [212/1574] 1376937503947481 (Molecular Company) -> ['PASS', 'PASS', 'PASS']
  [213/1574] 1480979526731778 (SunScoop) -> ['FAIL', 'FAIL', 'FAIL']
  [214/1574] 1607673267379738 (Molecular Company) -> ['PASS', 'PASS', 'PASS']
  [215/1574] 988201883705072 (SunScoop) -> ['PASS', 'FAIL', 'FAIL']
  [216/1574] 1088795937403947 (Optimum Nutrition) -> ['PASS', 'FAIL', 'FAIL']
  [217/1574] 1016619038070679 (Optimum Nutrition) -> ['PASS', 'PASS', 'FAIL']
  [218/1574] 1790933325694750 (Optimum Nutrition) -> ['FAIL', 'FAIL', 'FAIL']
  [219/1574] 1430586682336489 (Molecular Company) -> ['PASS', 'PASS', 'PASS']
  [220/1574] 1614887306857836 (Molecular Company) -> ['PASS', 'FAIL', 'PASS']
    -- flushed 20 to Supabase --
  [221/1574] 2124644088089162 (Molecular Company) -> ['PASS', 'FAIL', 'PASS']
  [222/1574] 1798426251344211 (Molecular Company) -> ['PASS', 'FAIL', 'PASS']
  [223/1574] 2294961581243718 (Optimum Nutrition) -> ['FAIL', 'FAIL', 'PASS']
  [224/1574] 1403731477842886 (Optimum Nutrition) -> ['PASS', 'FAIL', 'FAIL']
  [225/1574] 1074098061882007 (Optimum Nutrition) -> ['FAIL', 'FAIL', 'FAIL']
  [226/1574] 1587621706346870 (Optimum Nutrition) -> ['PASS', 'FAIL', 'FAIL']
  [227/1574] 3064372140433363 (Optimum Nutrition) -> ['PASS', 'PASS', 'PASS']
  [228/1574] 1439042221434439 (Molecular Company) -> ['PASS', 'FAIL', 'FAIL']
  [229/1574] 2188091268407041 (Molecular Company) -> ['PASS', 'FAIL', 'PASS']
  [230/1574] 2134482450827402 (Molecular Company) -> ['PASS', 'PASS', 'FAIL']
  [231/1574] 1599753018302504 (Molecular Company) -> ['FAIL', 'FAIL', 'PASS']
  [232/1574] 1805005720919335 (Molecular Company) -> ['FAIL', 'PASS', 'PASS']
  [233/1574] 2236890267174555 (Molecular Company) -> ['FAIL', 'FAIL', 'PASS']
  [234/1574] 909158182269570 (Optimum Nutrition) -> ['FAIL', 'FAIL', 'FAIL']
  [235/1574] 1038257539032107 (Optimum Nutrition) -> ['PASS', 'FAIL', 'FAIL']
  [236/1574] 1414817383947273 (Optimum Nutrition) -> ['PASS', 'PASS', 'PASS']
  [237/1574] 1684837792581602 (Optimum Nutrition) -> ['FAIL', 'FAIL', 'PASS']
  [238/1574] 1111830141528123 (Optimum Nutrition) -> ['NEEDS_EDIT', 'FAIL', 'FAIL']
  [239/1574] 1108555811527501 (Optimum Nutrition) -> ['PASS', 'FAIL', 'PASS']
  [240/1574] 1078143584939868 (Optimum Nutrition) -> ['FAIL', 'PASS', 'FAIL']
    -- flushed 20 to Supabase --
  [241/1574] 1747547403233344 (Optimum Nutrition) -> ['PASS', 'FAIL', 'FAIL']
  [242/1574] 1636091028235340 (Molecular Company) -> ['PASS', 'PASS', 'PASS']
  [243/1574] 1026498770425764 (Molecular Company) -> ['FAIL', 'FAIL', 'FAIL']
  [244/1574] 1671779557594247 (Yogabar) -> ['PASS', 'PASS', 'PASS']
  [245/1574] 4457282224560450 (SunScoop) -> ['PASS', 'PASS', 'PASS']
  [246/1574] 1058248580287626 (Fast&Up India) -> ['FAIL', 'PASS', 'PASS']
  [247/1574] 1046471128024279 (Molecular Company) -> ['PASS', 'FAIL', 'PASS']
  [248/1574] 2169837397127876 (SunScoop) -> ['PASS', 'PASS', 'PASS']
  [249/1574] 1427023772820487 (Molecular Company) -> ['FAIL', 'PASS', 'FAIL']
  [250/1574] 1017330894667850 (Molecular Company) -> ['PASS', 'FAIL', 'PASS']
  [251/1574] 2280766612461444 (Molecular Company) -> ['FAIL', 'PASS', 'FAIL']
  [252/1574] 2951585411846713 (Molecular Company) -> ['PASS', 'FAIL', 'FAIL']
  [253/1574] 1524901502015693 (Molecular Company) -> ['FAIL', 'FAIL', 'FAIL']
  [254/1574] 1791787872007125 (Molecular Company) -> ['PASS', 'FAIL', 'FAIL']
  [255/1574] 1427605929247761 (Molecular Company) -> ['PASS', 'FAIL', 'PASS']
  [256/1574] 1737482390803846 (Molecular Company) -> ['PASS', 'FAIL', 'FAIL']
  [257/1574] 1595904558856115 (Molecular Company) -> ['FAIL', 'FAIL', 'PASS']
  [258/1574] 1546771820090479 (Molecular Company) -> ['FAIL', 'FAIL', 'FAIL']
  [259/1574] 27950012921336593 (Molecular Company) -> ['PASS', 'PASS', 'PASS']
  [260/1574] 1707151677030763 (Molecular Company) -> ['PASS', 'FAIL', 'FAIL']
    -- flushed 20 to Supabase --
  [261/1574] 1436685698502203 (Personal Touch Skincare) -> ['PASS', 'FAIL', 'NEEDS_EDIT']
  [262/1574] 887667990703871 (Personal Touch Skincare) -> ['PASS', 'PASS', 'PASS']
  [263/1574] 4095994314034152 (Personal Touch Skincare) -> ['PASS', 'FAIL', 'FAIL']
  [264/1574] 1013901464843721 (Personal Touch Skincare) -> ['PASS', 'PASS', 'PASS']
  [265/1574] 1579598403713035 (Personal Touch Skincare) -> ['FAIL', 'FAIL', 'FAIL']
  [266/1574] 1963902114212996 (Dermatouch) -> ['PASS', 'FAIL', 'FAIL']
  [267/1574] 985566377786801 (Personal Touch Skincare) -> ['FAIL', 'FAIL', 'FAIL']
  [268/1574] 878054771994122 (Personal Touch Skincare) -> ['PASS', 'FAIL', 'PASS']
  [269/1574] 2796597110712852 (Hyphen Skincare) -> ['PASS', 'PASS', 'PASS']
  [270/1574] 2522896991508014 (Hyphen Skincare) -> ['FAIL', 'FAIL', 'FAIL']
  [271/1574] 2606398509775776 (Personal Touch Skincare) -> ['FAIL', 'PASS', 'FAIL']
  [272/1574] 1074722652181704 (Hyphen Skincare) -> ['PASS', 'FAIL', 'FAIL']
  [273/1574] 2331719404302936 (Optimum Nutrition) -> ['PASS', 'FAIL', 'PASS']
  [274/1574] 1634772544735775 (Minimalist) -> ['PASS', 'FAIL', 'FAIL']
  [275/1574] 1595852188743391 (Optimum Nutrition) -> ['PASS', 'PASS', 'PASS']
  [276/1574] 815045091165929 (Myprotein) -> ['PASS', 'FAIL', 'PASS']
  [277/1574] 1042482438331999 (Myprotein) -> ['PASS', 'PASS', 'PASS']
  [278/1574] 4572830122935971 (Myprotein) -> ['PASS', 'FAIL', 'FAIL']
  [279/1574] 1741925863531868 (Optimum Nutrition) -> ['PASS', 'FAIL', 'FAIL']
  [280/1574] 1037799439236004 (Myprotein) -> ['PASS', 'PASS', 'PASS']
    -- flushed 20 to Supabase --
  [281/1574] 889021424270354 (Myprotein) -> ['PASS', 'PASS', 'PASS']
  [282/1574] 1548591480096272 (Myprotein) -> ['PASS', 'FAIL', 'FAIL']
  [283/1574] 1192196923141275 (Myprotein) -> ['PASS', 'FAIL', 'PASS']
  [284/1574] 1066121409238892 (Myprotein) -> ['PASS', 'FAIL', 'FAIL']
  [285/1574] 981780811580847 (Myprotein) -> ['FAIL', 'PASS', 'PASS']
  [286/1574] 1084140357442169 (Myprotein) -> ['PASS', 'PASS', 'PASS']
  [287/1574] 990566494014641 (Myprotein) -> ['FAIL', 'PASS', 'FAIL']
  [288/1574] 2089959351640393 (Myprotein) -> ['FAIL', 'PASS', 'PASS']
  [289/1574] 1117125960638982 (Myprotein) -> ['PASS', 'FAIL', 'PASS']
  [290/1574] 2476123849523107 (Myprotein) -> ['PASS', 'PASS', 'PASS']
  [291/1574] 1750690092642044 (Myprotein) -> ['FAIL', 'PASS', 'PASS']
  [292/1574] 2036885327194289 (Myprotein) -> ['PASS', 'FAIL', 'PASS']
  [293/1574] 1067383699355074 (Myprotein) -> ['PASS', 'PASS', 'FAIL']
  [294/1574] 2335746960568898 (Myprotein) -> ['FAIL', 'FAIL', 'FAIL']
  [295/1574] 1614629133622034 (Myprotein) -> ['FAIL', 'FAIL', 'FAIL']
  [296/1574] 1931739951035513 (Myprotein) -> ['PASS', 'PASS', 'PASS']
  [297/1574] 1410546227659896 (Myprotein) -> ['PASS', 'PASS', 'PASS']
  [298/1574] 27817782831195385 (The Whole Truth Foods) -> ['PASS', 'PASS', 'FAIL']
  [299/1574] 1402119562116186 (Myprotein) -> ['PASS', 'PASS', 'PASS']
  [300/1574] 2209716243146142 (Myprotein) -> ['PASS', 'PASS', 'FAIL']
    -- flushed 20 to Supabase --
  [301/1574] 1006883502325734 (Myprotein) -> ['FAIL', 'FAIL', 'FAIL']
  [302/1574] 1757344942141478 (Myprotein) -> ['PASS', 'PASS', 'PASS']
  [303/1574] 1664475602173171 (Myprotein) -> ['NEEDS_EDIT', 'FAIL', 'FAIL']
  [304/1574] 2205228840050532 (Myprotein) -> ['PASS', 'FAIL', 'FAIL']
  [305/1574] 1560615629121953 (The Whole Truth Foods) -> ['PASS', 'FAIL', 'FAIL']
  [306/1574] 1606850067509956 (Myprotein) -> ['PASS', 'PASS', 'PASS']
  [307/1574] 1571808767770349 (Myprotein) -> ['FAIL', 'PASS', 'FAIL']
  [308/1574] 1068056922621420 (Myprotein) -> ['PASS', 'FAIL', 'FAIL']
  [309/1574] 2156780638580826 (Myprotein) -> ['FAIL', 'PASS', 'PASS']
  [310/1574] 2156968135222293 (Myprotein) -> ['FAIL', 'FAIL', 'FAIL']
  [311/1574] 1804130877449514 (Myprotein) -> ['PASS', 'PASS', 'PASS']
  [312/1574] 1564724448478403 (Fast&Up India) -> ['PASS', 'FAIL', 'PASS']
  [313/1574] 1022727237436583 (Myprotein) -> ['PASS', 'FAIL', 'PASS']
  [314/1574] 1662214679024424 (Myprotein) -> ['FAIL', 'PASS', 'FAIL']
  [315/1574] 1387531983529623 (Myprotein) -> ['PASS', 'FAIL', 'FAIL']
  [316/1574] 2754391394941884 (Myprotein) -> ['FAIL', 'FAIL', 'PASS']
  [317/1574] 1621042049578668 (Myprotein) -> ['PASS', 'PASS', 'FAIL']
  [318/1574] 916665791512798 (Myprotein) -> ['FAIL', 'PASS', 'FAIL']
  [319/1574] 1263635835662687 (Personal Touch Skincare) -> ['PASS', 'FAIL', 'FAIL']
  [320/1574] 1337181738583293 (The Whole Truth Foods) -> ['NEEDS_EDIT', 'PASS', 'PASS']
    -- flushed 20 to Supabase --
  [321/1574] 1348821437054865 (The Whole Truth Foods) -> ['PASS', 'PASS', 'PASS']
  [322/1574] 1389185419323830 (The Whole Truth Foods) -> ['PASS', 'PASS', 'PASS']
  [323/1574] 1048471061109717 (The Whole Truth Foods) -> ['PASS', 'PASS', 'PASS']
  [324/1574] 1881432285844411 (The Whole Truth Foods) -> ['PASS', 'PASS', 'PASS']
  [325/1574] 1753087005632106 (Yogabar) -> ['FAIL', 'FAIL', 'FAIL']
  [326/1574] 1458740625999786 (Yogabar) -> ['FAIL', 'PASS', 'FAIL']
  [327/1574] 1693430028321647 (Yogabar) -> ['PASS', 'FAIL', 'FAIL']
  [328/1574] 1279853933586796 (Yogabar) -> ['PASS', 'PASS', 'PASS']
  [329/1574] 782018021398347 (Yogabar) -> ['FAIL', 'FAIL', 'PASS']
  [330/1574] 1714106196421941 (Yogabar) -> ['FAIL', 'FAIL', 'FAIL']
  [331/1574] 1505175941062751 (Yogabar) -> ['FAIL', 'PASS', 'PASS']
  [332/1574] 849867348198423 (Yogabar) -> ['PASS', 'PASS', 'FAIL']
  [333/1574] 1519438683197893 (Yogabar) -> ['FAIL', 'FAIL', 'PASS']
  [334/1574] 1249618753961439 (Yogabar) -> ['FAIL', 'PASS', 'PASS']
  [335/1574] 1587820176459799 (Yogabar) -> ['PASS', 'FAIL', 'FAIL']
  [336/1574] 1977937409581743 (Yogabar) -> ['PASS', 'PASS', 'PASS']
  [337/1574] 27627999673545994 (Yogabar) -> ['FAIL', 'FAIL', 'FAIL']
  [338/1574] 3473809352786130 (Yogabar) -> ['PASS', 'FAIL', 'FAIL']
  [339/1574] 1963015621035304 (Personal Touch Skincare) -> ['FAIL', 'PASS', 'PASS']
  [340/1574] 1043046541862009 (Fast&Up India) -> ['FAIL', 'FAIL', 'FAIL']
    -- flushed 20 to Supabase --
  [341/1574] 1423481369644814 (Fast&Up India) -> ['PASS', 'FAIL', 'FAIL']
  [342/1574] 908238282005946 (Fast&Up India) -> ['PASS', 'PASS', 'FAIL']
  [343/1574] 1056989333636242 (Fast&Up India) -> ['NEEDS_EDIT', 'FAIL', 'FAIL']
  [344/1574] 1065540516061857 (Fast&Up India) -> ['PASS', 'FAIL', 'PASS']
  [345/1574] 1048118114658158 (Fast&Up India) -> ['PASS', 'PASS', 'PASS']
  [346/1574] 1010834265334078 (Fast&Up India) -> ['PASS', 'FAIL', 'FAIL']
  [347/1574] 2348214209321136 (Fast&Up India) -> ['PASS', 'FAIL', 'FAIL']
  [348/1574] 27612431888436600 (Fast&Up India) -> ['FAIL', 'FAIL', 'FAIL']
  [349/1574] 1828459041718021 (Fast&Up India) -> ['PASS', 'PASS', 'PASS']
  [350/1574] 1816081566228876 (Fast&Up India) -> ['FAIL', 'FAIL', 'FAIL']
  [351/1574] 950526767454315 (Fast&Up India) -> ['NEEDS_EDIT', 'FAIL', 'FAIL']
  [352/1574] 1397738391800921 (Fast&Up India) -> ['PASS', 'FAIL', 'FAIL']
  [353/1574] 1083183454401036 (Fast&Up India) -> ['NEEDS_EDIT', 'FAIL', 'PASS']
  [354/1574] 2608690832923117 (Fast&Up India) -> ['FAIL', 'FAIL', 'FAIL']
  [355/1574] 2698635880594419 (Fast&Up India) -> ['PASS', 'FAIL', 'FAIL']
  [356/1574] 2422634991565984 (Minimalist) -> ['PASS', 'PASS', 'FAIL']
  [357/1574] 1954678661915794 (Minimalist) -> ['PASS', 'FAIL', 'FAIL']
  [358/1574] 27661205520165170 (Minimalist) -> ['PASS', 'PASS', 'PASS']
  [359/1574] 1696090274972324 (Minimalist) -> ['PASS', 'FAIL', 'FAIL']
  [360/1574] 1370204235202193 (Minimalist) -> ['PASS', 'FAIL', 'FAIL']
    -- flushed 20 to Supabase --
  [361/1574] 2223696485078895 (Minimalist) -> ['PASS', 'FAIL', 'PASS']
  [362/1574] 772234239305872 (Minimalist) -> ['PASS', 'FAIL', 'FAIL']
  [363/1574] 2029246957945916 (Personal Touch Skincare) -> ['PASS', 'FAIL', 'FAIL']
  [364/1574] 2408108386266449 (Minimalist) -> ['FAIL', 'PASS', 'FAIL']
  [365/1574] 2052733782036230 (Minimalist) -> ['PASS', 'FAIL', 'FAIL']
  [366/1574] 820365597708835 (Minimalist) -> ['PASS', 'PASS', 'FAIL']
  [367/1574] 1873177680307341 (Minimalist) -> ['PASS', 'FAIL', 'NEEDS_EDIT']
  [368/1574] 1567357638343544 (Minimalist) -> ['FAIL', 'FAIL', 'FAIL']
  [369/1574] 4611729382383720 (Minimalist) -> ['FAIL', 'FAIL', 'FAIL']
  [370/1574] 4601083810213335 (Minimalist) -> ['FAIL', 'FAIL', 'PASS']
  [371/1574] 1356409732734295 (Minimalist) -> ['PASS', 'PASS', 'FAIL']
  [372/1574] 1748452689673070 (Minimalist) -> ['FAIL', 'FAIL', 'PASS']
  [373/1574] 1345878971083946 (Dot & Key) -> ['PASS', 'FAIL', 'PASS']
  [374/1574] 1007419621616891 (Dot & Key) -> ['PASS', 'PASS', 'PASS']
  [375/1574] 1591796396290289 (Dot & Key) -> ['FAIL', 'FAIL', 'FAIL']
  [376/1574] 1476770620698190 (Dot & Key) -> ['PASS', 'PASS', 'PASS']
  [377/1574] 1597334131562231 (Dot & Key) -> ['PASS', 'FAIL', 'PASS']
  [378/1574] 1363804758988825 (Dot & Key) -> ['PASS', 'FAIL', 'FAIL']
  [379/1574] 2975548362636593 (Dot & Key) -> ['FAIL', 'PASS', 'FAIL']
  [380/1574] 2504350106673673 (Foxtale) -> ['PASS', 'FAIL', 'PASS']
    -- flushed 20 to Supabase --
  [381/1574] 1695286844819326 (Foxtale) -> ['PASS', 'PASS', 'PASS']
  [382/1574] 1750701036201363 (Foxtale) -> ['PASS', 'FAIL', 'FAIL']
  [383/1574] 1418542033483616 (Foxtale) -> ['PASS', 'FAIL', 'FAIL']
  [384/1574] 1493439859189008 (Foxtale) -> ['PASS', 'PASS', 'FAIL']
  [385/1574] 2509826876187436 (Foxtale) -> ['PASS', 'FAIL', 'FAIL']
  [386/1574] 1536947058042740 (Personal Touch Skincare) -> ['FAIL', 'FAIL', 'FAIL']
  [387/1574] 2473304749850474 (Personal Touch Skincare) -> ['FAIL', 'FAIL', 'FAIL']
  [388/1574] 1816101346030788 (Personal Touch Skincare) -> ['FAIL', 'PASS', 'FAIL']
  [389/1574] 2187724011961070 (Personal Touch Skincare) -> ['PASS', 'FAIL', 'FAIL']
  [390/1574] 1266576935569774 (Aqualogica) -> ['PASS', 'FAIL', 'NEEDS_EDIT']
  [391/1574] 1590303999259164 (Aqualogica) -> ['PASS', 'PASS', 'PASS']
  [392/1574] 1060796313329824 (Aqualogica) -> ['FAIL', 'PASS', 'FAIL']
  [393/1574] 1045734828306190 (Aqualogica) -> ['FAIL', 'FAIL', 'FAIL']
  [394/1574] 1239722628309007 (Aqualogica) -> ['PASS', 'FAIL', 'FAIL']
  [395/1574] 28158665893803015 (Aqualogica) -> ['PASS', 'PASS', 'FAIL']
  [396/1574] 1104406198909748 (Aqualogica) -> ['PASS', 'NEEDS_EDIT', 'FAIL']
  [397/1574] 1069977822186925 (Aqualogica) -> ['PASS', 'FAIL', 'FAIL']
  [398/1574] 2162890454323889 (Aqualogica) -> ['PASS', 'PASS', 'PASS']
  [399/1574] 2550146752092164 (Aqualogica) -> ['PASS', 'FAIL', 'PASS']
  [400/1574] 1750200746092815 (Aqualogica) -> ['PASS', 'PASS', 'NEEDS_EDIT']
    -- flushed 20 to Supabase --
  [401/1574] 2315455722534614 (Aqualogica) -> ['PASS', 'PASS', 'PASS']
  [402/1574] 1388660510112243 (Aqualogica) -> ['PASS', 'FAIL', 'PASS']
  [403/1574] 998016779948611 (Aqualogica) -> ['PASS', 'PASS', 'PASS']
  [404/1574] 1079958907863521 (Pilgrim) -> ['FAIL', 'FAIL', 'FAIL']
  [405/1574] 1039556705561450 (Aqualogica) -> ['PASS', 'FAIL', 'FAIL']
  [406/1574] 2161138814465908 (Aqualogica) -> ['PASS', 'PASS', 'FAIL']
  [407/1574] 1127479629943799 (Aqualogica) -> ['PASS', 'FAIL', 'PASS']
  [408/1574] 1994505541251515 (Aqualogica) -> ['PASS', 'PASS', 'FAIL']
  [409/1574] 1958794828177872 (Aqualogica) -> ['PASS', 'PASS', 'PASS']
  [410/1574] 1036582235831077 (Aqualogica) -> ['PASS', 'FAIL', 'PASS']
  [411/1574] 1396178625239811 (Aqualogica) -> ['PASS', 'PASS', 'PASS']
  [412/1574] 2891693631198030 (Aqualogica) -> ['PASS', 'FAIL', 'PASS']
  [413/1574] 1427006095953157 (Aqualogica) -> ['FAIL', 'FAIL', 'PASS']
  [414/1574] 3308043702712895 (Aqualogica) -> ['PASS', 'PASS', 'FAIL']
  [415/1574] 2126197678240029 (Aqualogica) -> ['PASS', 'PASS', 'FAIL']
  [416/1574] 1590530699112499 (Aqualogica) -> ['PASS', 'PASS', 'PASS']
  [417/1574] 1368522412035729 (Aqualogica) -> ['PASS', 'FAIL', 'PASS']
  [418/1574] 1097017572795977 (Aqualogica) -> ['PASS', 'FAIL', 'PASS']
  [419/1574] 1008212165608744 (Aqualogica) -> ['PASS', 'PASS', 'PASS']
  [420/1574] 2179851925895190 (Pilgrim) -> ['PASS', 'PASS', 'FAIL']
    -- flushed 20 to Supabase --
  [421/1574] 1632966035134971 (Aqualogica) -> ['PASS', 'PASS', 'FAIL']
  [422/1574] 1083801617352725 (Aqualogica) -> ['PASS', 'PASS', 'PASS']
  [423/1574] 3623108804530871 (Aqualogica) -> ['FAIL', 'FAIL', 'PASS']
  [424/1574] 1099529695831724 (Aqualogica) -> ['PASS', 'PASS', 'PASS']
  [425/1574] 2821444204908510 (Aqualogica) -> ['FAIL', 'PASS', 'PASS']
  [426/1574] 1507432087779789 (Aqualogica) -> ['FAIL', 'FAIL', 'FAIL']
  [427/1574] 1602456758134198 (Aqualogica) -> ['FAIL', 'FAIL', 'FAIL']
  [428/1574] 1788059155685988 (Aqualogica) -> ['PASS', 'PASS', 'PASS']
  [429/1574] 2918070151877492 (Aqualogica) -> ['PASS', 'FAIL', 'PASS']
  [430/1574] 2640692259662339 (Aqualogica) -> ['PASS', 'FAIL', 'FAIL']
  [431/1574] 1565211462069185 (Aqualogica) -> ['FAIL', 'FAIL', 'FAIL']
  [432/1574] 1772349434030512 (Aqualogica) -> ['FAIL', 'FAIL', 'PASS']
  [433/1574] 1112393851208942 (Aqualogica) -> ['FAIL', 'PASS', 'PASS']
  [434/1574] 1795199108137840 (Aqualogica) -> ['PASS', 'PASS', 'PASS']
  [435/1574] 1589048232930667 (Aqualogica) -> ['PASS', 'PASS', 'FAIL']
  [436/1574] 936103086215348 (Aqualogica) -> ['PASS', 'FAIL', 'PASS']
  [437/1574] 1616211546818981 (Aqualogica) -> ['PASS', 'PASS', 'PASS']
  [438/1574] 1679536029687769 (Aqualogica) -> ['PASS', 'FAIL', 'FAIL']
  [439/1574] 1079177671520964 (Aqualogica) -> ['PASS', 'FAIL', 'FAIL']
  [440/1574] 2103003397257552 (Insight Cosmetics) -> ['PASS', 'FAIL', 'PASS']
    -- flushed 20 to Supabase --
  [441/1574] 1414170303997469 (Aqualogica) -> ['PASS', 'PASS', 'PASS']
  [442/1574] 2642973219556801 (Aqualogica) -> ['PASS', 'FAIL', 'FAIL']
  [443/1574] 1711764860052308 (Aqualogica) -> ['PASS', 'FAIL', 'FAIL']
  [444/1574] 932765616079662 (Aqualogica) -> ['PASS', 'FAIL', 'PASS']
  [445/1574] 1071869315734886 (Aqualogica) -> ['PASS', 'FAIL', 'FAIL']
  [446/1574] 1332043918368846 (Personal Touch Skincare) -> ['PASS', 'FAIL', 'FAIL']
  [447/1574] 1096969176249562 (Aqualogica) -> ['PASS', 'PASS', 'PASS']
  [448/1574] 1787481915776874 (Pilgrim) -> ['PASS', 'PASS', 'PASS']
  [449/1574] 3381719778697166 (Pilgrim) -> ['PASS', 'FAIL', 'PASS']
  [450/1574] 1055319390737026 (Pilgrim) -> ['PASS', 'FAIL', 'PASS']
  [451/1574] 1092780589971904 (Pilgrim) -> ['FAIL', 'PASS', 'FAIL']
  [452/1574] 1773533543874021 (Pilgrim) -> ['PASS', 'PASS', 'PASS']
  [453/1574] 942597165563224 (Pilgrim) -> ['PASS', 'FAIL', 'FAIL']
  [454/1574] 1388856853387480 (Pilgrim) -> ['FAIL', 'FAIL', 'FAIL']
  [455/1574] 945106011260697 (Pilgrim) -> ['PASS', 'PASS', 'PASS']
  [456/1574] 1609609703934588 (Pilgrim) -> ['PASS', 'PASS', 'PASS']
  [457/1574] 1067582818995570 (Pilgrim) -> ['FAIL', 'PASS', 'FAIL']
  [458/1574] 1629380305196620 (Pilgrim) -> ['PASS', 'FAIL', 'FAIL']
  [459/1574] 2534478877071238 (Pilgrim) -> ['FAIL', 'PASS', 'PASS']
  [460/1574] 3584187115062151 (Pilgrim) -> ['PASS', 'FAIL', 'PASS']
    -- flushed 20 to Supabase --
  [461/1574] 1363223559094092 (Pilgrim) -> ['PASS', 'PASS', 'PASS']
  [462/1574] 4592780707677888 (Pilgrim) -> ['FAIL', 'PASS', 'FAIL']
  [463/1574] 1372887091679862 (Pilgrim) -> ['PASS', 'PASS', 'PASS']
  [464/1574] 4536716253265656 (Pilgrim) -> ['PASS', 'PASS', 'FAIL']
  [465/1574] 1606237581222688 (Pilgrim) -> ['NEEDS_EDIT', 'FAIL', 'FAIL']
  [466/1574] 2285362925336268 (Pilgrim) -> ['PASS', 'PASS', 'FAIL']
  [467/1574] 1390285776568534 (Pilgrim) -> ['PASS', 'FAIL', 'PASS']
  [468/1574] 1401212738810699 (Pilgrim) -> ['PASS', 'PASS', 'PASS']
  [469/1574] 4853811244846047 (Pilgrim) -> ['PASS', 'PASS', 'PASS']
  [470/1574] 2582897115464389 (The Derma Co) -> ['PASS', 'PASS', 'FAIL']
  [471/1574] 1391126049254669 (The Derma Co) -> ['FAIL', 'FAIL', 'FAIL']
  [472/1574] 1082225920855959 (The Derma Co) -> ['FAIL', 'FAIL', 'FAIL']
  [473/1574] 1691527748573903 (The Derma Co) -> ['FAIL', 'PASS', 'PASS']
  [474/1574] 2330082697829086 (Plum Goodness) -> ['PASS', 'FAIL', 'FAIL']
  [475/1574] 28634430602884199 (The Derma Co) -> ['FAIL', 'PASS', 'FAIL']
  [476/1574] 1654544509214209 (Personal Touch Skincare) -> ['PASS', 'FAIL', 'FAIL']
  [477/1574] 1472186114773386 (The Derma Co) -> ['FAIL', 'PASS', 'FAIL']
  [478/1574] 1419898363428649 (The Derma Co) -> ['FAIL', 'FAIL', 'FAIL']
  [479/1574] 27682693748074779 (The Derma Co) -> ['FAIL', 'PASS', 'FAIL']
  [480/1574] 28525595207126930 (The Derma Co) -> ['FAIL', 'FAIL', 'PASS']
    -- flushed 20 to Supabase --
  [481/1574] 1049440181226449 (Plum Goodness) -> ['PASS', 'FAIL', 'FAIL']
  [482/1574] 29078658675068257 (Plum Goodness) -> ['PASS', 'FAIL', 'FAIL']
  [483/1574] 1832127558205880 (Plum Goodness) -> ['PASS', 'FAIL', 'FAIL']
  [484/1574] 1126148589879302 (Plum Goodness) -> ['PASS', 'PASS', 'FAIL']
  [485/1574] 1100909372507847 (Plum Goodness) -> ['PASS', 'FAIL', 'PASS']
  [486/1574] 953137374457575 (Plum Goodness) -> ['PASS', 'PASS', 'FAIL']
  [487/1574] 1122822983740130 (Plum Goodness) -> ['PASS', 'FAIL', 'NEEDS_EDIT']
  [488/1574] 1075745838336039 (Mamaearth) -> ['PASS', 'PASS', 'FAIL']
  [489/1574] 1332928645701036 (Plum Goodness) -> ['FAIL', 'FAIL', 'FAIL']
  [490/1574] 4012918322346933 (Plum Goodness) -> ['FAIL', 'PASS', 'FAIL']
  [491/1574] 1678926229829214 (Plum Goodness) -> ['PASS', 'FAIL', 'PASS']
  [492/1574] 4453208054922836 (Plum Goodness) -> ['PASS', 'PASS', 'PASS']
  [493/1574] 1812630633525285 (Mamaearth) -> ['FAIL', 'PASS', 'FAIL']
  [494/1574] 1034959745689234 (Plum Goodness) -> ['FAIL', 'FAIL', 'FAIL']
  [495/1574] 1053972904197815 (Mamaearth) -> ['PASS', 'PASS', 'FAIL']
  [496/1574] 1084803000556857 (Plum Goodness) -> ['FAIL', 'PASS', 'PASS']
  [497/1574] 1577819707041400 (Plum Goodness) -> ['PASS', 'FAIL', 'FAIL']
  [498/1574] 1411330874389104 (Plum Goodness) -> ['FAIL', 'FAIL', 'PASS']
  [499/1574] 1252893426963728 (Plum Goodness) -> ['FAIL', 'PASS', 'PASS']
  [500/1574] 1003535522301086 (Plum Goodness) -> ['FAIL', 'FAIL', 'PASS']
    -- flushed 20 to Supabase --
  [501/1574] 2124084351538316 (Plum Goodness) -> ['PASS', 'PASS', 'FAIL']
  [502/1574] 885867787622834 (Plum Goodness) -> ['FAIL', 'PASS', 'FAIL']
  [503/1574] 1981539089087518 (Dr Sheths) -> ['PASS', 'FAIL', 'FAIL']
  [504/1574] 1021867200290850 (Personal Touch Skincare) -> ['FAIL', 'FAIL', 'FAIL']
  [505/1574] 1212761074117120 (Personal Touch Skincare) -> ['FAIL', 'PASS', 'PASS']
  [506/1574] 1550418193291116 (Personal Touch Skincare) -> ['PASS', 'FAIL', 'PASS']
  [507/1574] 1398197742295723 (Personal Touch Skincare) -> ['PASS', 'PASS', 'PASS']
  [508/1574] 4432117963737776 (Personal Touch Skincare) -> ['PASS', 'FAIL', 'FAIL']
  [509/1574] 991227350256791 (Personal Touch Skincare) -> ['FAIL', 'FAIL', 'PASS']
  [510/1574] 1476971967529108 (Personal Touch Skincare) -> ['PASS', 'FAIL', 'PASS']
  [511/1574] 998110759770514 (Personal Touch Skincare) -> ['PASS', 'FAIL', 'PASS']
  [512/1574] 2566342537112911 (Mamaearth) -> ['PASS', 'PASS', 'PASS']
  [513/1574] 1382432659979096 (Mamaearth) -> ['PASS', 'FAIL', 'PASS']
  [514/1574] 1599372244884933 (Mamaearth) -> ['PASS', 'FAIL', 'FAIL']
  [515/1574] 2340143996813502 (Mamaearth) -> ['PASS', 'FAIL', 'PASS']
  [516/1574] 1543777220241219 (Mamaearth) -> ['PASS', 'FAIL', 'PASS']
  [517/1574] 1569099194165455 (Mamaearth) -> ['PASS', 'FAIL', 'FAIL']
  [518/1574] 1676178096803866 (Mamaearth) -> ['PASS', 'FAIL', 'PASS']
  [519/1574] 1368549828722547 (Mamaearth) -> ['PASS', 'FAIL', 'PASS']
  [520/1574] 1334001568811204 (Dr Sheths) -> ['FAIL', 'PASS', 'PASS']
    -- flushed 20 to Supabase --
  [521/1574] 1309747894431436 (BBlunt) -> ['PASS', 'PASS', 'FAIL']
  [522/1574] 1064486643029090 (Mamaearth) -> ['FAIL', 'PASS', 'PASS']
  [523/1574] 1600977295074020 (Mamaearth) -> ['PASS', 'FAIL', 'FAIL']
  [524/1574] 1783903766368739 (Mamaearth) -> ['PASS', 'PASS', 'PASS']
  [525/1574] 1026884296774770 (Mamaearth) -> ['PASS', 'PASS', 'PASS']
  [526/1574] 1055848060562085 (Mamaearth) -> ['PASS', 'FAIL', 'FAIL']
  [527/1574] 28480258071628947 (Mamaearth) -> ['PASS', 'FAIL', 'FAIL']
  [528/1574] 1073801662035606 (Mamaearth) -> ['FAIL', 'PASS', 'PASS']
  [529/1574] 1074709335139682 (Mamaearth) -> ['PASS', 'PASS', 'PASS']
  [530/1574] 1111363504827752 (Mamaearth) -> ['PASS', 'PASS', 'PASS']
  [531/1574] 2138362556890266 (Mamaearth) -> ['FAIL', 'FAIL', 'FAIL']
  [532/1574] 2596897400761875 (Dr Sheths) -> ['FAIL', 'PASS', 'PASS']
  [533/1574] 1393154673019061 (Mamaearth) -> ['PASS', 'PASS', 'PASS']
  [534/1574] 4587571974891860 (Mamaearth) -> ['PASS', 'FAIL', 'FAIL']
  [535/1574] 1023449794073645 (Mamaearth) -> ['PASS', 'PASS', 'PASS']
  [536/1574] 2016214625745687 (Inde Wild) -> ['PASS', 'NEEDS_EDIT', 'PASS']
  [537/1574] 3061410514202376 (Dr Sheths) -> ['PASS', 'FAIL', 'PASS']
  [538/1574] 1950509952311648 (Inde Wild) -> ['PASS', 'PASS', 'PASS']
  [539/1574] 1985825822122328 (Inde Wild) -> ['PASS', 'PASS', 'PASS']
  [540/1574] 1552075133356065 (Inde Wild) -> ['PASS', 'PASS', 'FAIL']
    -- flushed 20 to Supabase --
  [541/1574] 1015452904841071 (Inde Wild) -> ['PASS', 'PASS', 'PASS']
  [542/1574] 1084567687639848 (Inde Wild) -> ['PASS', 'PASS', 'PASS']
  [543/1574] 1793932905187364 (Dr Sheths) -> ['PASS', 'PASS', 'FAIL']
  [544/1574] 1397314692326933 (Inde Wild) -> ['PASS', 'NEEDS_EDIT', 'PASS']
  [545/1574] 1456502672967545 (Inde Wild) -> ['PASS', 'PASS', 'FAIL']
  [546/1574] 1491280492489905 (Personal Touch Skincare) -> ['FAIL', 'PASS', 'PASS']
  [547/1574] 1831492147818156 (Personal Touch Skincare) -> ['PASS', 'PASS', 'PASS']
  [548/1574] 27324677337162580 (Personal Touch Skincare) -> ['FAIL', 'FAIL', 'FAIL']
  [549/1574] 2811698805875887 (Personal Touch Skincare) -> ['PASS', 'PASS', 'FAIL']
  [550/1574] 2226614834858960 (Personal Touch Skincare) -> ['PASS', 'FAIL', 'FAIL']
  [551/1574] 1087765566952903 (Dr Sheths) -> ['PASS', 'FAIL', 'PASS']
  [552/1574] 4661054927495657 (Dr Sheths) -> ['FAIL', 'PASS', 'PASS']
  [553/1574] 1451386466836116 (Dr Sheths) -> ['PASS', 'PASS', 'FAIL']
  [554/1574] 1434554391875998 (Dr Sheths) -> ['PASS', 'PASS', 'PASS']
  [555/1574] 1807339227188012 (Dr Sheths) -> ['PASS', 'PASS', 'PASS']
  [556/1574] 1066548645988268 (Dr Sheths) -> ['PASS', 'FAIL', 'PASS']
  [557/1574] 1345722951105837 (Dr Sheths) -> ['PASS', 'PASS', 'PASS']
  [558/1574] 959228556569542 (Dr Sheths) -> ['PASS', 'PASS', 'PASS']
  [559/1574] 28369159829431365 (Dr Sheths) -> ['PASS', 'PASS', 'PASS']
  [560/1574] 2105613350069872 (Dr Sheths) -> ['FAIL', 'PASS', 'FAIL']
    -- flushed 20 to Supabase --
  [561/1574] 2091502705069965 (Hyphen Skincare) -> ['FAIL', 'FAIL', 'FAIL']
  [562/1574] 959816790473908 (BBlunt) -> ['PASS', 'FAIL', 'PASS']
  [563/1574] 1015448168175919 (Hyphen Skincare) -> ['FAIL', 'FAIL', 'FAIL']
  [564/1574] 2551614721965127 (Hyphen Skincare) -> ['PASS', 'PASS', 'PASS']
  [565/1574] 1225765679732536 (Hyphen Skincare) -> ['PASS', 'PASS', 'PASS']
  [566/1574] 1624457692599507 (Hyphen Skincare) -> ['PASS', 'PASS', 'PASS']
  [567/1574] 1558267052076153 (Hyphen Skincare) -> ['PASS', 'FAIL', 'FAIL']
  [568/1574] 2029578084404264 (Hyphen Skincare) -> ['PASS', 'FAIL', 'FAIL']
  [569/1574] 1811609410193103 (Hyphen Skincare) -> ['PASS', 'PASS', 'FAIL']
  [570/1574] 1806162910684868 (Hyphen Skincare) -> ['FAIL', 'FAIL', 'FAIL']
  [571/1574] 28371243445820832 (Hyphen Skincare) -> ['PASS', 'PASS', 'PASS']
  [572/1574] 1106058808424058 (BBlunt) -> ['PASS', 'PASS', 'PASS']
  [573/1574] 1961855077834326 (Hyphen Skincare) -> ['PASS', 'FAIL', 'PASS']
  [574/1574] 1075089095276605 (Hyphen Skincare) -> ['FAIL', 'FAIL', 'PASS']
  [575/1574] 1613217503867523 (Hyphen Skincare) -> ['FAIL', 'FAIL', 'FAIL']
  [576/1574] 2856573971377039 (Hyphen Skincare) -> ['PASS', 'FAIL', 'FAIL']
  [577/1574] 1088613826921700 (Hyphen Skincare) -> ['PASS', 'FAIL', 'FAIL']
  [578/1574] 1800492751127411 (Hyphen Skincare) -> ['FAIL', 'PASS', 'PASS']
  [579/1574] 1051787870996075 (Hyphen Skincare) -> ['PASS', 'FAIL', 'FAIL']
  [580/1574] 1607623580990209 (Hyphen Skincare) -> ['PASS', 'FAIL', 'FAIL']
    -- flushed 20 to Supabase --
  [581/1574] 768969136238014 (Conscious Chemist) -> ['FAIL', 'FAIL', 'FAIL']
  [582/1574] 1769187557765313 (Conscious Chemist) -> ['FAIL', 'FAIL', 'PASS']
  [583/1574] 2842378326160871 (Conscious Chemist) -> ['PASS', 'PASS', 'PASS']
  [584/1574] 1009300988781905 (BBlunt) -> ['FAIL', 'FAIL', 'FAIL']
  [585/1574] 28418284354439242 (Conscious Chemist) -> ['FAIL', 'FAIL', 'FAIL']
  [586/1574] 2508531352940570 (Conscious Chemist) -> ['PASS', 'PASS', 'FAIL']
  [587/1574] 1600526978161339 (Conscious Chemist) -> ['PASS', 'FAIL', 'FAIL']
  [588/1574] 1597464998429550 (Conscious Chemist) -> ['PASS', 'FAIL', 'PASS']
  [589/1574] 1788128632879655 (Conscious Chemist) -> ['PASS', 'FAIL', 'FAIL']
  [590/1574] 1400903558622132 (Conscious Chemist) -> ['PASS', 'FAIL', 'PASS']
  [591/1574] 1599265371926243 (Conscious Chemist) -> ['PASS', 'FAIL', 'PASS']
  [592/1574] 1350567987064560 (Conscious Chemist) -> ['PASS', 'FAIL', 'PASS']
  [593/1574] 2850312345334222 (Conscious Chemist) -> ['PASS', 'FAIL', 'FAIL']
  [594/1574] 1067366322846427 (Conscious Chemist) -> ['PASS', 'FAIL', 'FAIL']
  [595/1574] 2249646835828832 (Conscious Chemist) -> ['PASS', 'PASS', 'PASS']
  [596/1574] 1373567998216949 (Conscious Chemist) -> ['PASS', 'FAIL', 'FAIL']
  [597/1574] 1037955659032830 (Conscious Chemist) -> ['PASS', 'PASS', 'FAIL']
  [598/1574] 1101102572604835 (Conscious Chemist) -> ['PASS', 'FAIL', 'FAIL']
  [599/1574] 4105905439709898 (Conscious Chemist) -> ['FAIL', 'PASS', 'PASS']
  [600/1574] 1728278171787931 (Conscious Chemist) -> ['FAIL', 'FAIL', 'FAIL']
    -- flushed 20 to Supabase --
  [601/1574] 3733126146836860 (Conscious Chemist) -> ['PASS', 'FAIL', 'FAIL']
  [602/1574] 1484207046802516 (Conscious Chemist) -> ['PASS', 'FAIL', 'FAIL']
  [603/1574] 853316034515830 (Conscious Chemist) -> ['FAIL', 'FAIL', 'FAIL']
  [604/1574] 2338183437010038 (Conscious Chemist) -> ['PASS', 'FAIL', 'FAIL']
  [605/1574] 1427596025902075 (Forest Essentials) -> ['PASS', 'FAIL', 'PASS']
  [606/1574] 1057036013363659 (Biotique) -> ['PASS', 'PASS', 'PASS']
  [607/1574] 4462501507412309 (Biotique) -> ['FAIL', 'FAIL', 'PASS']
  [608/1574] 1365442452422577 (Biotique) -> ['FAIL', 'FAIL', 'FAIL']
  [609/1574] 1596770645531728 (Biotique) -> ['PASS', 'PASS', 'PASS']
  [610/1574] 4413341978980976 (Biotique) -> ['FAIL', 'PASS', 'PASS']
  [611/1574] 2486042985224580 (Biotique) -> ['PASS', 'PASS', 'PASS']
  [612/1574] 2477305142760232 (Biotique) -> ['NEEDS_EDIT', 'FAIL', 'FAIL']
  [613/1574] 1770859830480436 (Biotique) -> ['PASS', 'FAIL', 'PASS']
  [614/1574] 1097258016547144 (Biotique) -> ['FAIL', 'PASS', 'PASS']
  [615/1574] 1419459966779892 (Biotique) -> ['PASS', 'PASS', 'PASS']
  [616/1574] 1418202683570035 (Biotique) -> ['FAIL', 'PASS', 'FAIL']
  [617/1574] 969331119516757 (Biotique) -> ['PASS', 'PASS', 'FAIL']
  [618/1574] 1078395618420236 (Biotique) -> ['FAIL', 'FAIL', 'FAIL']
  [619/1574] 1755658175744854 (Kama Ayurveda) -> ['PASS', 'FAIL', 'PASS']
  [620/1574] 915666361246123 (Biotique) -> ['PASS', 'PASS', 'PASS']
    -- flushed 20 to Supabase --
  [621/1574] 1004631035369091 (Biotique) -> ['FAIL', 'FAIL', 'PASS']
  [622/1574] 1063544606297564 (Biotique) -> ['PASS', 'FAIL', 'FAIL']
  [623/1574] 1072869265476142 (Biotique) -> ['PASS', 'PASS', 'PASS']
  [624/1574] 2287550672009689 (Biotique) -> ['FAIL', 'PASS', 'PASS']
  [625/1574] 1459726472747137 (Biotique) -> ['FAIL', 'FAIL', 'FAIL']
  [626/1574] 1600432671675962 (Biotique) -> ['PASS', 'FAIL', 'PASS']
  [627/1574] 27975650142131590 (Kama Ayurveda) -> ['PASS', 'FAIL', 'PASS']
  [628/1574] 1783312909530928 (Biotique) -> ['PASS', 'FAIL', 'FAIL']
  [629/1574] 1112617077997953 (Biotique) -> ['FAIL', 'FAIL', 'FAIL']
  [630/1574] 1621571509711314 (Biotique) -> ['PASS', 'PASS', 'FAIL']
  [631/1574] 1081346414423389 (Forest Essentials) -> ['FAIL', 'FAIL', 'PASS']
  [632/1574] 909305055307458 (Forest Essentials) -> ['PASS', 'FAIL', 'FAIL']
  [633/1574] 1785079839293228 (Forest Essentials) -> ['NEEDS_EDIT', 'PASS', 'PASS']
  [634/1574] 937953062682921 (Forest Essentials) -> ['PASS', 'FAIL', 'PASS']
  [635/1574] 2081247102761549 (Forest Essentials) -> ['FAIL', 'PASS', 'PASS']
  [636/1574] 1780502069624644 (Forest Essentials) -> ['FAIL', 'PASS', 'PASS']
  [637/1574] 2566484243791823 (Forest Essentials) -> ['PASS', 'FAIL', 'PASS']
  [638/1574] 1761442681858785 (Forest Essentials) -> ['FAIL', 'FAIL', 'FAIL']
  [639/1574] 1637404904770736 (Forest Essentials) -> ['FAIL', 'FAIL', 'PASS']
  [640/1574] 1729519845001396 (Forest Essentials) -> ['PASS', 'PASS', 'PASS']
    -- flushed 20 to Supabase --
  [641/1574] 1089376850235266 (Forest Essentials) -> ['PASS', 'PASS', 'PASS']
  [642/1574] 2866818580341844 (Forest Essentials) -> ['PASS', 'FAIL', 'FAIL']
  [643/1574] 4574588659354558 (Forest Essentials) -> ['PASS', 'PASS', 'PASS']
  [644/1574] 27552537571090107 (Forest Essentials) -> ['FAIL', 'FAIL', 'PASS']
  [645/1574] 1556905445611435 (Forest Essentials) -> ['FAIL', 'PASS', 'PASS']
  [646/1574] 1591500362452875 (Forest Essentials) -> ['PASS', 'PASS', 'FAIL']
  [647/1574] 1489494139975884 (Forest Essentials) -> ['PASS', 'PASS', 'PASS']
  [648/1574] 1766185101081510 (Forest Essentials) -> ['PASS', 'FAIL', 'FAIL']
  [649/1574] 1546688626720915 (Forest Essentials) -> ['PASS', 'FAIL', 'FAIL']
  [650/1574] 4544377109175965 (Forest Essentials) -> ['FAIL', 'PASS', 'FAIL']
  [651/1574] 1705145657234477 (Forest Essentials) -> ['PASS', 'PASS', 'PASS']
  [652/1574] 869671946114103 (Forest Essentials) -> ['PASS', 'FAIL', 'PASS']
  [653/1574] 28529000056752236 (Forest Essentials) -> ['FAIL', 'FAIL', 'FAIL']
  [654/1574] 1610074847378355 (Forest Essentials) -> ['FAIL', 'PASS', 'PASS']
  [655/1574] 2435021380660119 (Kama Ayurveda) -> ['PASS', 'PASS', 'PASS']
  [656/1574] 1475494731079625 (Forest Essentials) -> ['PASS', 'PASS', 'PASS']
  [657/1574] 2092846958104619 (Forest Essentials) -> ['PASS', 'PASS', 'FAIL']
  [658/1574] 1605466164348608 (Forest Essentials) -> ['PASS', 'PASS', 'PASS']
  [659/1574] 1338538857809443 (Forest Essentials) -> ['PASS', 'PASS', 'FAIL']
  [660/1574] 1950802332547662 (Forest Essentials) -> ['PASS', 'PASS', 'PASS']
    -- flushed 20 to Supabase --
  [661/1574] 1221583659992247 (Personal Touch Skincare) -> ['FAIL', 'PASS', 'PASS']
  [662/1574] 2144841959717787 (Kama Ayurveda) -> ['PASS', 'FAIL', 'FAIL']
  [663/1574] 2033052240658243 (Kama Ayurveda) -> ['PASS', 'PASS', 'PASS']
  [664/1574] 1113250401177309 (Kama Ayurveda) -> ['FAIL', 'FAIL', 'FAIL']
  [665/1574] 1118992930666139 (Kama Ayurveda) -> ['PASS', 'PASS', 'FAIL']
  [666/1574] 1567653771726191 (Kama Ayurveda) -> ['PASS', 'FAIL', 'PASS']
  [667/1574] 1400425998155958 (Kama Ayurveda) -> ['PASS', 'FAIL', 'PASS']
  [668/1574] 1389555076646818 (Kama Ayurveda) -> ['FAIL', 'FAIL', 'FAIL']
  [669/1574] 2889582408070428 (Kama Ayurveda) -> ['PASS', 'FAIL', 'FAIL']
  [670/1574] 1104195312181510 (Kama Ayurveda) -> ['PASS', 'PASS', 'PASS']
  [671/1574] 1075593408390338 (Kama Ayurveda) -> ['PASS', 'PASS', 'PASS']
  [672/1574] 1792237702199126 (Kama Ayurveda) -> ['PASS', 'FAIL', 'PASS']
  [673/1574] 1443516624430214 (Kama Ayurveda) -> ['PASS', 'PASS', 'PASS']
  [674/1574] 1755063269077034 (Kama Ayurveda) -> ['PASS', 'PASS', 'PASS']
  [675/1574] 28248389941438192 (Kama Ayurveda) -> ['PASS', 'PASS', 'PASS']
  [676/1574] 1434886275213737 (Kama Ayurveda) -> ['PASS', 'PASS', 'FAIL']
  [677/1574] 1774499107087162 (Kama Ayurveda) -> ['PASS', 'PASS', 'PASS']
  [678/1574] 1446713790120821 (Kama Ayurveda) -> ['NEEDS_EDIT', 'FAIL', 'FAIL']
  [679/1574] 2560193247785813 (Kama Ayurveda) -> ['NEEDS_EDIT', 'PASS', 'PASS']
  [680/1574] 2052336405402707 (Lakme India) -> ['PASS', 'PASS', 'FAIL']
    -- flushed 20 to Supabase --
  [681/1574] 1387636696275962 (Kama Ayurveda) -> ['PASS', 'PASS', 'PASS']
  [682/1574] 1063799009869085 (Kama Ayurveda) -> ['FAIL', 'PASS', 'FAIL']
  [683/1574] 906306578605035 (Personal Touch Skincare) -> ['PASS', 'PASS', 'PASS']
  [684/1574] 2854236498244422 (Personal Touch Skincare) -> ['FAIL', 'FAIL', 'FAIL']
  [685/1574] 2102101504061211 (Personal Touch Skincare) -> ['FAIL', 'PASS', 'FAIL']
  [686/1574] 1303500598521274 (Personal Touch Skincare) -> ['PASS', 'PASS', 'PASS']
  [687/1574] 1783489456022133 (SUGAR Cosmetics) -> ['PASS', 'FAIL', 'FAIL']
  [688/1574] 983059074799410 (SUGAR Cosmetics) -> ['PASS', 'FAIL', 'FAIL']
  [689/1574] 1654969905995170 (SUGAR Cosmetics) -> ['PASS', 'FAIL', 'PASS']
  [690/1574] 1378663531054817 (SUGAR Cosmetics) -> ['PASS', 'PASS', 'FAIL']
  [691/1574] 916568311507987 (SUGAR Cosmetics) -> ['PASS', 'PASS', 'FAIL']
  [692/1574] 1384352667246706 (SUGAR Cosmetics) -> ['FAIL', 'FAIL', 'FAIL']
  [693/1574] 956136724195115 (SUGAR Cosmetics) -> ['PASS', 'PASS', 'FAIL']
  [694/1574] 2444035279417061 (SUGAR Cosmetics) -> ['PASS', 'FAIL', 'PASS']
  [695/1574] 1472210471398049 (SUGAR Cosmetics) -> ['PASS', 'PASS', 'FAIL']
  [696/1574] 1024749740152972 (SUGAR Cosmetics) -> ['NEEDS_EDIT', 'FAIL', 'PASS']
  [697/1574] 1688893452178136 (SUGAR Cosmetics) -> ['PASS', 'FAIL', 'FAIL']
  [698/1574] 1574874830775932 (SUGAR Cosmetics) -> ['FAIL', 'FAIL', 'FAIL']
  [699/1574] 1041352625296848 (SUGAR Cosmetics) -> ['PASS', 'FAIL', 'PASS']
  [700/1574] 2176127586283639 (SUGAR Cosmetics) -> ['PASS', 'PASS', 'PASS']
    -- flushed 20 to Supabase --
  [701/1574] 2175967966666699 (SUGAR Cosmetics) -> ['PASS', 'PASS', 'FAIL']
  [702/1574] 1065715219377343 (SUGAR Cosmetics) -> ['PASS', 'PASS', 'PASS']
  [703/1574] 1688024182298973 (SUGAR Cosmetics) -> ['PASS', 'PASS', 'FAIL']
  [704/1574] 1489469626533711 (SUGAR Cosmetics) -> ['PASS', 'FAIL', 'FAIL']
  [705/1574] 3189820078075982 (SUGAR Cosmetics) -> ['FAIL', 'FAIL', 'PASS']
  [706/1574] 27631892073140425 (Swiss Beauty) -> ['FAIL', 'FAIL', 'FAIL']
  [707/1574] 1974638233247077 (SUGAR Cosmetics) -> ['PASS', 'PASS', 'PASS']
  [708/1574] 1371931154567240 (SUGAR Cosmetics) -> ['PASS', 'PASS', 'PASS']
  [709/1574] 4308400116138847 (SUGAR Cosmetics) -> ['PASS', 'FAIL', 'FAIL']
  [710/1574] 1077856674649360 (SUGAR Cosmetics) -> ['PASS', 'FAIL', 'FAIL']
  [711/1574] 2414583918952711 (Swiss Beauty) -> ['PASS', 'PASS', 'PASS']
  [712/1574] 2152339062293979 (SUGAR Cosmetics) -> ['PASS', 'PASS', 'PASS']
  [713/1574] 2134862170757219 (SUGAR Cosmetics) -> ['PASS', 'PASS', 'FAIL']
  [714/1574] 2236370033867586 (SUGAR Cosmetics) -> ['FAIL', 'FAIL', 'FAIL']
  [715/1574] 1719580309320404 (SUGAR Cosmetics) -> ['PASS', 'PASS', 'PASS']
  [716/1574] 3694997953988320 (SUGAR Cosmetics) -> ['PASS', 'FAIL', 'PASS']
  [717/1574] 1089608044001666 (SUGAR Cosmetics) -> ['NEEDS_EDIT', 'PASS', 'FAIL']
  [718/1574] 1671161593909548 (Swiss Beauty) -> ['FAIL', 'PASS', 'PASS']
  [719/1574] 1320879526526984 (Swiss Beauty) -> ['FAIL', 'PASS', 'PASS']
  [720/1574] 2336099940169668 (Nykaa Cosmetics) -> ['PASS', 'FAIL', 'FAIL']
    -- flushed 20 to Supabase --
  [721/1574] 1648953483320466 (SUGAR Cosmetics) -> ['PASS', 'FAIL', 'NEEDS_EDIT']
  [722/1574] 1643638190761130 (SUGAR Cosmetics) -> ['PASS', 'FAIL', 'FAIL']
  [723/1574] 1086138890602324 (SUGAR Cosmetics) -> ['PASS', 'FAIL', 'PASS']
  [724/1574] 1086299720571315 (SUGAR Cosmetics) -> ['PASS', 'FAIL', 'FAIL']
  [725/1574] 2288128225354546 (SUGAR Cosmetics) -> ['FAIL', 'FAIL', 'FAIL']
  [726/1574] 842366095569165 (SUGAR Cosmetics) -> ['FAIL', 'FAIL', 'FAIL']
  [727/1574] 1029347059929201 (SUGAR Cosmetics) -> ['PASS', 'PASS', 'PASS']
  [728/1574] 1723419738864144 (SUGAR Cosmetics) -> ['PASS', 'FAIL', 'PASS']
  [729/1574] 1776063076912527 (SUGAR Cosmetics) -> ['PASS', 'NEEDS_EDIT', 'PASS']
  [730/1574] 376680092149438 (Swiss Beauty) -> ['PASS', 'FAIL', 'PASS']
  [731/1574] 2211117123021221 (Swiss Beauty) -> ['PASS', 'FAIL', 'FAIL']
  [732/1574] 733651163074958 (Swiss Beauty) -> ['FAIL', 'FAIL', 'FAIL']
  [733/1574] 1009831731826367 (Swiss Beauty) -> ['PASS', 'FAIL', 'PASS']
  [734/1574] 1368996595167503 (Swiss Beauty) -> ['PASS', 'FAIL', 'FAIL']
  [735/1574] 1047751918107501 (Swiss Beauty) -> ['FAIL', 'FAIL', 'FAIL']
  [736/1574] 2206317800201376 (Swiss Beauty) -> ['PASS', 'FAIL', 'FAIL']
  [737/1574] 2207296283447295 (Swiss Beauty) -> ['PASS', 'FAIL', 'FAIL']
  [738/1574] 1566573718187812 (Swiss Beauty) -> ['PASS', 'FAIL', 'FAIL']
  [739/1574] 938809292453012 (Swiss Beauty) -> ['PASS', 'PASS', 'FAIL']
  [740/1574] 1498381902309375 (Swiss Beauty) -> ['FAIL', 'FAIL', 'PASS']
    -- flushed 20 to Supabase --
  [741/1574] 1677727557653435 (Swiss Beauty) -> ['FAIL', 'FAIL', 'FAIL']
  [742/1574] 1542899620655206 (Swiss Beauty) -> ['PASS', 'FAIL', 'FAIL']
  [743/1574] 1649814189872026 (Swiss Beauty) -> ['PASS', 'PASS', 'FAIL']
  [744/1574] 1687451939025394 (Swiss Beauty) -> ['PASS', 'PASS', 'PASS']
  [745/1574] 28332088043081816 (Swiss Beauty) -> ['PASS', 'PASS', 'PASS']
  [746/1574] 952610387665274 (Swiss Beauty) -> ['FAIL', 'FAIL', 'FAIL']
  [747/1574] 1253352261197364 (Swiss Beauty) -> ['PASS', 'FAIL', 'FAIL']
  [748/1574] 984102888051717 (Swiss Beauty) -> ['FAIL', 'PASS', 'PASS']
  [749/1574] 1713130979997310 (Swiss Beauty) -> ['PASS', 'FAIL', 'FAIL']
  [750/1574] 1842269233411989 (Swiss Beauty) -> ['FAIL', 'FAIL', 'FAIL']
  [751/1574] 1393872235600686 (BBlunt) -> ['PASS', 'FAIL', 'FAIL']
  [752/1574] 2047778456620116 (Swiss Beauty) -> ['PASS', 'FAIL', 'PASS']
  [753/1574] 2485485885234502 (Swiss Beauty) -> ['FAIL', 'PASS', 'FAIL']
  [754/1574] 2252023962306325 (Swiss Beauty) -> ['PASS', 'PASS', 'PASS']
  [755/1574] 2179795665911682 (Swiss Beauty) -> ['PASS', 'PASS', 'PASS']
  [756/1574] 2591406797967263 (Swiss Beauty) -> ['PASS', 'FAIL', 'FAIL']
  [757/1574] 1331907762070995 (Swiss Beauty) -> ['PASS', 'FAIL', 'PASS']
  [758/1574] 998038033287406 (Lakme India) -> ['FAIL', 'PASS', 'FAIL']
  [759/1574] 3274207302764551 (Lakme India) -> ['PASS', 'FAIL', 'PASS']
  [760/1574] 1403104845329513 (Lakme India) -> ['PASS', 'FAIL', 'PASS']
    -- flushed 20 to Supabase --
  [761/1574] 1319581483680125 (Lakme India) -> ['FAIL', 'FAIL', 'FAIL']
  [762/1574] 4437460539834251 (Lakme India) -> ['PASS', 'FAIL', 'FAIL']
  [763/1574] 1769690317406441 (Lakme India) -> ['PASS', 'FAIL', 'PASS']
  [764/1574] 1398393095093443 (Lakme India) -> ['PASS', 'PASS', 'FAIL']
  [765/1574] 1394912702732308 (Nykaa Cosmetics) -> ['PASS', 'PASS', 'PASS']
  [766/1574] 1643425117336649 (BBlunt) -> ['PASS', 'FAIL', 'FAIL']
  [767/1574] 4470233443214783 (Lakme India) -> ['PASS', 'FAIL', 'PASS']
  [768/1574] 1392195706334896 (Nykaa Cosmetics) -> ['PASS', 'PASS', 'PASS']
  [769/1574] 1587012246368723 (Nykaa Cosmetics) -> ['PASS', 'FAIL', 'PASS']
  [770/1574] 1762288524960098 (Nykaa Cosmetics) -> ['NEEDS_EDIT', 'FAIL', 'PASS']
  [771/1574] 940844852414706 (Nykaa Cosmetics) -> ['FAIL', 'FAIL', 'FAIL']
  [772/1574] 2544370352647377 (Nykaa Cosmetics) -> ['FAIL', 'FAIL', 'PASS']
  [773/1574] 1594647608742881 (Nykaa Cosmetics) -> ['PASS', 'PASS', 'FAIL']
  [774/1574] 1716854159577577 (Nykaa Cosmetics) -> ['FAIL', 'FAIL', 'FAIL']
  [775/1574] 2032394314818684 (Nykaa Cosmetics) -> ['FAIL', 'PASS', 'FAIL']
  [776/1574] 3972471496382271 (Nykaa Cosmetics) -> ['FAIL', 'FAIL', 'FAIL']
  [777/1574] 1069031418917304 (Nykaa Cosmetics) -> ['PASS', 'FAIL', 'FAIL']
  [778/1574] 1058120896789550 (Faces Canada) -> ['PASS', 'FAIL', 'PASS']
  [779/1574] 1344179487700987 (Nykaa Cosmetics) -> ['PASS', 'FAIL', 'PASS']
  [780/1574] 1541039970534405 (Nykaa Cosmetics) -> ['PASS', 'FAIL', 'FAIL']
    -- flushed 20 to Supabase --
  [781/1574] 1869043917807105 (Nykaa Cosmetics) -> ['PASS', 'FAIL', 'PASS']
  [782/1574] 1587230156519462 (Nykaa Cosmetics) -> ['PASS', 'FAIL', 'FAIL']
  [783/1574] 1994141771281138 (Nykaa Cosmetics) -> ['FAIL', 'PASS', 'PASS']
  [784/1574] 1534571655126757 (Faces Canada) -> ['PASS', 'FAIL', 'PASS']
  [785/1574] 940553335758645 (Nykaa Cosmetics) -> ['FAIL', 'FAIL', 'PASS']
  [786/1574] 1076404238257998 (Nykaa Cosmetics) -> ['FAIL', 'PASS', 'PASS']
  [787/1574] 2064907724231675 (Nykaa Cosmetics) -> ['PASS', 'PASS', 'FAIL']
  [788/1574] 1567798228157208 (Nykaa Cosmetics) -> ['FAIL', 'FAIL', 'FAIL']
  [789/1574] 1071725512112755 (Nykaa Cosmetics) -> ['PASS', 'PASS', 'PASS']
  [790/1574] 1567971411696609 (Nykaa Cosmetics) -> ['FAIL', 'PASS', 'FAIL']
  [791/1574] 1742872637011972 (Faces Canada) -> ['FAIL', 'FAIL', 'FAIL']
  [792/1574] 2215990418974763 (Nykaa Cosmetics) -> ['PASS', 'FAIL', 'PASS']
  [793/1574] 1826101538744518 (Nykaa Cosmetics) -> ['FAIL', 'PASS', 'PASS']
  [794/1574] 1147313984481188 (Nykaa Cosmetics) -> ['PASS', 'PASS', 'PASS']
  [795/1574] 27770955995932323 (Nykaa Cosmetics) -> ['PASS', 'PASS', 'FAIL']
  [796/1574] 1773347490758684 (Nykaa Cosmetics) -> ['FAIL', 'PASS', 'PASS']
  [797/1574] 1674694003621584 (Nykaa Cosmetics) -> ['PASS', 'FAIL', 'FAIL']
  [798/1574] 886582991052112 (BBlunt) -> ['PASS', 'FAIL', 'FAIL']
  [799/1574] 1452751483374928 (Nykaa Cosmetics) -> ['PASS', 'PASS', 'FAIL']
  [800/1574] 2017910042191759 (Nykaa Cosmetics) -> ['PASS', 'PASS', 'PASS']
    -- flushed 20 to Supabase --
  [801/1574] 857788047301534 (Nykaa Cosmetics) -> ['FAIL', 'FAIL', 'FAIL']
  [802/1574] 759390623731858 (Nykaa Cosmetics) -> ['PASS', 'PASS', 'PASS']
  [803/1574] 799525776086671 (Nykaa Cosmetics) -> ['FAIL', 'FAIL', 'FAIL']
  [804/1574] 1888749325002702 (Nykaa Cosmetics) -> ['PASS', 'PASS', 'PASS']
  [805/1574] 3165107257013449 (Faces Canada) -> ['PASS', 'PASS', 'FAIL']
  [806/1574] 1004701445036037 (Nykaa Cosmetics) -> ['PASS', 'PASS', 'PASS']
  [807/1574] 703011752760732 (Nykaa Cosmetics) -> ['PASS', 'PASS', 'PASS']
  [808/1574] 813842654477103 (Nykaa Cosmetics) -> ['PASS', 'PASS', 'FAIL']
  [809/1574] 25316540544615699 (Nykaa Cosmetics) -> ['FAIL', 'FAIL', 'PASS']
  [810/1574] 638022289166508 (Nykaa Cosmetics) -> ['PASS', 'PASS', 'PASS']
  [811/1574] 1075129124933995 (Nykaa Cosmetics) -> ['FAIL', 'FAIL', 'PASS']
  [812/1574] 1037664735563743 (Nykaa Cosmetics) -> ['PASS', 'FAIL', 'PASS']
  [813/1574] 1342231577567921 (Nykaa Cosmetics) -> ['PASS', 'FAIL', 'FAIL']
  [814/1574] 1968681477167709 (Nykaa Cosmetics) -> ['PASS', 'FAIL', 'PASS']
  [815/1574] 2326977628042114 (Nykaa Cosmetics) -> ['PASS', 'PASS', 'FAIL']
  [816/1574] 1377948534400644 (Faces Canada) -> ['NEEDS_EDIT', 'FAIL', 'PASS']
  [817/1574] 1004196625984438 (Faces Canada) -> ['PASS', 'FAIL', 'FAIL']
  [818/1574] 1012008761305441 (Faces Canada) -> ['FAIL', 'FAIL', 'FAIL']
  [819/1574] 1265009985597841 (Faces Canada) -> ['PASS', 'FAIL', 'FAIL']
  [820/1574] 1290653606477284 (Faces Canada) -> ['FAIL', 'PASS', 'FAIL']
    -- flushed 20 to Supabase --
  [821/1574] 1026653993538452 (Faces Canada) -> ['PASS', 'FAIL', 'PASS']
  [822/1574] 1369588528150968 (Faces Canada) -> ['PASS', 'FAIL', 'PASS']
  [823/1574] 2331793957563542 (Faces Canada) -> ['NEEDS_EDIT', 'FAIL', 'FAIL']
  [824/1574] 1627654585615477 (Faces Canada) -> ['PASS', 'FAIL', 'PASS']
  [825/1574] 2367211047139882 (Faces Canada) -> ['FAIL', 'FAIL', 'PASS']
  [826/1574] 1430337638944918 (Faces Canada) -> ['PASS', 'FAIL', 'FAIL']
  [827/1574] 1374588704550890 (Faces Canada) -> ['NEEDS_EDIT', 'FAIL', 'PASS']
  [828/1574] 2355375871933909 (Faces Canada) -> ['PASS', 'FAIL', 'FAIL']
  [829/1574] 1033957919478905 (Faces Canada) -> ['PASS', 'FAIL', 'FAIL']
  [830/1574] 1548680033058949 (Faces Canada) -> ['PASS', 'PASS', 'PASS']
  [831/1574] 4498974017087650 (Faces Canada) -> ['PASS', 'FAIL', 'PASS']
  [832/1574] 1024847463618043 (Faces Canada) -> ['PASS', 'FAIL', 'FAIL']
  [833/1574] 2316210259211134 (Faces Canada) -> ['PASS', 'PASS', 'PASS']
  [834/1574] 1544839413515312 (Faces Canada) -> ['PASS', 'PASS', 'FAIL']
  [835/1574] 1609215954328976 (Faces Canada) -> ['PASS', 'FAIL', 'PASS']
  [836/1574] 1702693261028616 (Faces Canada) -> ['FAIL', 'PASS', 'PASS']
  [837/1574] 966329346510051 (Faces Canada) -> ['PASS', 'FAIL', 'FAIL']
  [838/1574] 1561653392125206 (Faces Canada) -> ['FAIL', 'FAIL', 'FAIL']
  [839/1574] 2557691644688003 (Faces Canada) -> ['FAIL', 'FAIL', 'FAIL']
  [840/1574] 1080359914430854 (Faces Canada) -> ['PASS', 'FAIL', 'FAIL']
    -- flushed 20 to Supabase --
  [841/1574] 28824116377195997 (Faces Canada) -> ['PASS', 'FAIL', 'PASS']
  [842/1574] 1045287388513755 (Faces Canada) -> ['PASS', 'PASS', 'FAIL']
  [843/1574] 1061099739655617 (Faces Canada) -> ['PASS', 'PASS', 'PASS']
  [844/1574] 3617544201737966 (Faces Canada) -> ['PASS', 'FAIL', 'PASS']
  [845/1574] 3352413861609423 (Faces Canada) -> ['PASS', 'FAIL', 'FAIL']
  [846/1574] 1608430294069315 (Faces Canada) -> ['PASS', 'NEEDS_EDIT', 'PASS']
  [847/1574] 3394260460753477 (Chambor) -> ['PASS', 'FAIL', 'PASS']
  [848/1574] 1516700703244991 (Chambor) -> ['PASS', 'PASS', 'PASS']
  [849/1574] 4870686143160438 (Faces Canada) -> ['PASS', 'FAIL', 'FAIL']
  [850/1574] 2480105942479614 (Faces Canada) -> ['PASS', 'FAIL', 'FAIL']
  [851/1574] 1383123447223754 (Faces Canada) -> ['PASS', 'FAIL', 'PASS']
  [852/1574] 1730769534868270 (Faces Canada) -> ['PASS', 'PASS', 'PASS']
  [853/1574] 1665484355189555 (Faces Canada) -> ['PASS', 'FAIL', 'PASS']
  [854/1574] 2514621719035259 (Faces Canada) -> ['PASS', 'PASS', 'FAIL']
  [855/1574] 3084328965105439 (Faces Canada) -> ['PASS', 'FAIL', 'FAIL']
  [856/1574] 4610241402630171 (Faces Canada) -> ['PASS', 'FAIL', 'FAIL']
  [857/1574] 1459274072775076 (Faces Canada) -> ['PASS', 'FAIL', 'PASS']
  [858/1574] 1100578965732103 (Faces Canada) -> ['PASS', 'FAIL', 'PASS']
  [859/1574] 3379826215551455 (Faces Canada) -> ['FAIL', 'FAIL', 'PASS']
  [860/1574] 1895048614802790 (Faces Canada) -> ['PASS', 'PASS', 'FAIL']
    -- flushed 20 to Supabase --
  [861/1574] 1323752076504088 (Faces Canada) -> ['PASS', 'FAIL', 'FAIL']
  [862/1574] 1090631483424657 (Faces Canada) -> ['PASS', 'PASS', 'PASS']
  [863/1574] 952008923901511 (Faces Canada) -> ['PASS', 'FAIL', 'PASS']
  [864/1574] 1949894649008873 (Faces Canada) -> ['PASS', 'FAIL', 'FAIL']
  [865/1574] 2519777645150633 (Faces Canada) -> ['FAIL', 'PASS', 'FAIL']
  [866/1574] 1388772569439990 (Faces Canada) -> ['PASS', 'FAIL', 'FAIL']
  [867/1574] 1046531761297227 (Insight Cosmetics) -> ['PASS', 'FAIL', 'FAIL']
  [868/1574] 2323068944891979 (Faces Canada) -> ['PASS', 'FAIL', 'FAIL']
  [869/1574] 2087477225235882 (Faces Canada) -> ['FAIL', 'FAIL', 'FAIL']
  [870/1574] 1772255737136217 (Faces Canada) -> ['PASS', 'FAIL', 'PASS']
  [871/1574] 1407477474851370 (Faces Canada) -> ['PASS', 'PASS', 'FAIL']
  [872/1574] 1736308771006697 (Faces Canada) -> ['PASS', 'PASS', 'PASS']
  [873/1574] 1072036885181806 (Faces Canada) -> ['PASS', 'FAIL', 'FAIL']
  [874/1574] 2062992437665760 (Blue Heaven Cosmetics) -> ['PASS', 'PASS', 'PASS']
  [875/1574] 1643111690863784 (Personal Touch Skincare) -> ['FAIL', 'PASS', 'PASS']
  [876/1574] 1706681203960272 (Insight Cosmetics) -> ['PASS', 'FAIL', 'FAIL']
  [877/1574] 949738274809665 (Insight Cosmetics) -> ['PASS', 'FAIL', 'FAIL']
  [878/1574] 1389403156435190 (Insight Cosmetics) -> ['FAIL', 'FAIL', 'FAIL']
  [879/1574] 1649722966680600 (Insight Cosmetics) -> ['PASS', 'PASS', 'FAIL']
  [880/1574] 1064494202689268 (Insight Cosmetics) -> ['PASS', 'PASS', 'FAIL']
    -- flushed 20 to Supabase --
  [881/1574] 1040649498699711 (Insight Cosmetics) -> ['FAIL', 'FAIL', 'FAIL']
  [882/1574] 1371341575162337 (Insight Cosmetics) -> ['PASS', 'PASS', 'FAIL']
  [883/1574] 2492063994650717 (Insight Cosmetics) -> ['PASS', 'FAIL', 'PASS']
  [884/1574] 3171496666376699 (Insight Cosmetics) -> ['PASS', 'FAIL', 'FAIL']
  [885/1574] 2337182277086415 (Insight Cosmetics) -> ['PASS', 'FAIL', 'FAIL']
  [886/1574] 1543039147560548 (Insight Cosmetics) -> ['PASS', 'PASS', 'FAIL']
  [887/1574] 1377091821277604 (Insight Cosmetics) -> ['PASS', 'FAIL', 'FAIL']
  [888/1574] 1640351031364518 (Insight Cosmetics) -> ['PASS', 'FAIL', 'PASS']
  [889/1574] 1869947361041292 (Insight Cosmetics) -> ['PASS', 'FAIL', 'PASS']
  [890/1574] 1986728155322202 (Insight Cosmetics) -> ['PASS', 'PASS', 'PASS']
  [891/1574] 871040435843735 (Insight Cosmetics) -> ['FAIL', 'PASS', 'FAIL']
  [892/1574] 1828988818480707 (Insight Cosmetics) -> ['PASS', 'FAIL', 'FAIL']
  [893/1574] 1376232447397701 (Insight Cosmetics) -> ['FAIL', 'FAIL', 'FAIL']
  [894/1574] 2074741966762212 (Insight Cosmetics) -> ['PASS', 'PASS', 'PASS']
  [895/1574] 995615596842156 (Insight Cosmetics) -> ['PASS', 'FAIL', 'PASS']
  [896/1574] 1846940130072898 (Insight Cosmetics) -> ['PASS', 'FAIL', 'FAIL']
  [897/1574] 1380898504156936 (Insight Cosmetics) -> ['PASS', 'FAIL', 'PASS']
  [898/1574] 2294044281136043 (Insight Cosmetics) -> ['FAIL', 'FAIL', 'FAIL']
  [899/1574] 1055563696878209 (Insight Cosmetics) -> ['PASS', 'PASS', 'PASS']
  [900/1574] 2685583401901035 (Insight Cosmetics) -> ['PASS', 'PASS', 'PASS']
    -- flushed 20 to Supabase --
  [901/1574] 1468854148603396 (Insight Cosmetics) -> ['PASS', 'FAIL', 'FAIL']
  [902/1574] 1636702788020787 (Insight Cosmetics) -> ['PASS', 'FAIL', 'PASS']
  [903/1574] 1067443186271626 (Insight Cosmetics) -> ['FAIL', 'FAIL', 'PASS']
  [904/1574] 1573860977552128 (Insight Cosmetics) -> ['FAIL', 'FAIL', 'PASS']
  [905/1574] 1737344587150890 (Insight Cosmetics) -> ['PASS', 'PASS', 'PASS']
  [906/1574] 4794228017519967 (Insight Cosmetics) -> ['FAIL', 'FAIL', 'FAIL']
  [907/1574] 1083643177463315 (Insight Cosmetics) -> ['PASS', 'FAIL', 'FAIL']
  [908/1574] 1603110954848625 (Insight Cosmetics) -> ['PASS', 'PASS', 'FAIL']
  [909/1574] 1060560003229173 (Insight Cosmetics) -> ['PASS', 'FAIL', 'PASS']
  [910/1574] 1700006507743258 (Insight Cosmetics) -> ['PASS', 'PASS', 'PASS']
  [911/1574] 1066738949674491 (Insight Cosmetics) -> ['PASS', 'FAIL', 'FAIL']
  [912/1574] 2199227673955861 (Insight Cosmetics) -> ['PASS', 'FAIL', 'PASS']
  [913/1574] 1919368472355179 (Insight Cosmetics) -> ['PASS', 'PASS', 'PASS']
  [914/1574] 1381675220755011 (Insight Cosmetics) -> ['PASS', 'FAIL', 'FAIL']
  [915/1574] 2987255778301170 (Insight Cosmetics) -> ['PASS', 'PASS', 'PASS']
  [916/1574] 2328521417917521 (Insight Cosmetics) -> ['PASS', 'FAIL', 'PASS']
  [917/1574] 2658632474590601 (Insight Cosmetics) -> ['PASS', 'PASS', 'PASS']
  [918/1574] 1816559043051532 (Insight Cosmetics) -> ['NEEDS_EDIT', 'FAIL', 'PASS']
  [919/1574] 1425188942824329 (Insight Cosmetics) -> ['PASS', 'FAIL', 'FAIL']
  [920/1574] 2273972040103223 (Insight Cosmetics) -> ['FAIL', 'FAIL', 'PASS']
    -- flushed 20 to Supabase --
  [921/1574] 1044122898229284 (Insight Cosmetics) -> ['PASS', 'FAIL', 'PASS']
  [922/1574] 1636679087789085 (Insight Cosmetics) -> ['PASS', 'FAIL', 'FAIL']
  [923/1574] 1595211811995045 (Insight Cosmetics) -> ['PASS', 'FAIL', 'FAIL']
  [924/1574] 1497127568888237 (Insight Cosmetics) -> ['PASS', 'PASS', 'PASS']
  [925/1574] 1759750368566958 (Insight Cosmetics) -> ['PASS', 'PASS', 'PASS']
  [926/1574] 1784074372615656 (Insight Cosmetics) -> ['FAIL', 'PASS', 'PASS']
  [927/1574] 28116164001398033 (Insight Cosmetics) -> ['FAIL', 'FAIL', 'FAIL']
  [928/1574] 1699926321066483 (Insight Cosmetics) -> ['PASS', 'FAIL', 'FAIL']
  [929/1574] 2000506770664272 (Insight Cosmetics) -> ['FAIL', 'FAIL', 'FAIL']
  [930/1574] 1039103898941789 (Insight Cosmetics) -> ['PASS', 'FAIL', 'PASS']
  [931/1574] 1413840187296867 (Insight Cosmetics) -> ['PASS', 'FAIL', 'FAIL']
  [932/1574] 1603970007895281 (Insight Cosmetics) -> ['FAIL', 'PASS', 'FAIL']
  [933/1574] 2006656296653838 (Insight Cosmetics) -> ['NEEDS_EDIT', 'FAIL', 'FAIL']
  [934/1574] 1064247823189099 (Insight Cosmetics) -> ['PASS', 'FAIL', 'FAIL']
  [935/1574] 1864933608213290 (Insight Cosmetics) -> ['PASS', 'PASS', 'PASS']
  [936/1574] 1356369882942750 (Insight Cosmetics) -> ['PASS', 'FAIL', 'FAIL']
  [937/1574] 1413217007413153 (Insight Cosmetics) -> ['PASS', 'PASS', 'FAIL']
  [938/1574] 1750701119540169 (Insight Cosmetics) -> ['NEEDS_EDIT', 'FAIL', 'FAIL']
  [939/1574] 4505326993019736 (Insight Cosmetics) -> ['FAIL', 'FAIL', 'FAIL']
  [940/1574] 901890166023490 (Insight Cosmetics) -> ['NEEDS_EDIT', 'FAIL', 'FAIL']
    -- flushed 20 to Supabase --
  [941/1574] 28357566627207827 (Insight Cosmetics) -> ['PASS', 'PASS', 'PASS']
  [942/1574] 4495322004076897 (Insight Cosmetics) -> ['PASS', 'FAIL', 'FAIL']
  [943/1574] 863843460030505 (Insight Cosmetics) -> ['FAIL', 'FAIL', 'FAIL']
  [944/1574] 2272658260243747 (Insight Cosmetics) -> ['PASS', 'FAIL', 'PASS']
  [945/1574] 2865860893790638 (Insight Cosmetics) -> ['NEEDS_EDIT', 'FAIL', 'PASS']
  [946/1574] 1105774275253007 (Insight Cosmetics) -> ['PASS', 'PASS', 'FAIL']
  [947/1574] 1901259104105240 (mCaffeine) -> ['PASS', 'PASS', 'FAIL']
  [948/1574] 3134687853397281 (mCaffeine) -> ['FAIL', 'FAIL', 'FAIL']
  [949/1574] 1377267987590894 (mCaffeine) -> ['PASS', 'PASS', 'PASS']
  [950/1574] 2548973868837973 (SunScoop) -> ['PASS', 'PASS', 'PASS']
  [951/1574] 1628515815441218 (BBlunt) -> ['PASS', 'FAIL', 'FAIL']
  [952/1574] 2006679320035658 (BBlunt) -> ['PASS', 'PASS', 'PASS']
  [953/1574] 1802798867806740 (BBlunt) -> ['PASS', 'FAIL', 'PASS']
  [954/1574] 1386685353669790 (BBlunt) -> ['FAIL', 'FAIL', 'FAIL']
  [955/1574] 3689181811235550 (BBlunt) -> ['PASS', 'PASS', 'FAIL']
  [956/1574] 1679786287482938 (BBlunt) -> ['FAIL', 'PASS', 'FAIL']
  [957/1574] 1799598164572823 (BBlunt) -> ['PASS', 'FAIL', 'PASS']
  [958/1574] 1141377028553623 (BBlunt) -> ['FAIL', 'FAIL', 'PASS']
  [959/1574] 1394511038779867 (BBlunt) -> ['PASS', 'FAIL', 'PASS']
  [960/1574] 1773232097255683 (BBlunt) -> ['PASS', 'FAIL', 'PASS']
    -- flushed 20 to Supabase --
  [961/1574] 1304891034923642 (BBlunt) -> ['PASS', 'FAIL', 'FAIL']
  [962/1574] 1069820052521755 (BBlunt) -> ['PASS', 'FAIL', 'FAIL']
  [963/1574] 1056105310522698 (BBlunt) -> ['PASS', 'PASS', 'PASS']
  [964/1574] 1498104555459097 (BBlunt) -> ['PASS', 'FAIL', 'FAIL']
  [965/1574] 2243472526434914 (BBlunt) -> ['FAIL', 'FAIL', 'FAIL']
  [966/1574] 2005641693484623 (BBlunt) -> ['PASS', 'FAIL', 'FAIL']
  [967/1574] 4692286367656473 (BBlunt) -> ['PASS', 'PASS', 'PASS']
  [968/1574] 912867624683732 (Ktein) -> ['PASS', 'FAIL', 'FAIL']
  [969/1574] 2374806266664390 (BBlunt) -> ['PASS', 'FAIL', 'FAIL']
  [970/1574] 1516135876944655 (BBlunt) -> ['PASS', 'FAIL', 'PASS']
  [971/1574] 2215822232533559 (BBlunt) -> ['FAIL', 'FAIL', 'FAIL']
  [972/1574] 4645511345683234 (BBlunt) -> ['PASS', 'FAIL', 'PASS']
  [973/1574] 29530541353212805 (BBlunt) -> ['PASS', 'PASS', 'PASS']
  [974/1574] 1469389178447667 (BBlunt) -> ['PASS', 'FAIL', 'FAIL']
  [975/1574] 1897529474989548 (BBlunt) -> ['PASS', 'FAIL', 'FAIL']
  [976/1574] 2262656037864613 (BBlunt) -> ['PASS', 'FAIL', 'FAIL']
  [977/1574] 1775732316791573 (BBlunt) -> ['PASS', 'FAIL', 'FAIL']
  [978/1574] 1400952142225597 (BBlunt) -> ['PASS', 'FAIL', 'PASS']
  [979/1574] 1403051808620852 (BBlunt) -> ['PASS', 'FAIL', 'FAIL']
  [980/1574] 27813613718316949 (BBlunt) -> ['PASS', 'PASS', 'PASS']
    -- flushed 20 to Supabase --
  [981/1574] 2556570451494936 (BBlunt) -> ['FAIL', 'FAIL', 'PASS']
  [982/1574] 2187636815511443 (BBlunt) -> ['PASS', 'FAIL', 'PASS']
  [983/1574] 2846931755691431 (BBlunt) -> ['FAIL', 'PASS', 'FAIL']
  [984/1574] 1633240024856565 (BBlunt) -> ['FAIL', 'FAIL', 'FAIL']
  [985/1574] 4592251514434209 (Ktein) -> ['FAIL', 'PASS', 'PASS']
  [986/1574] 2562391757515197 (Arata) -> ['PASS', 'PASS', 'PASS']
  [987/1574] 2101810953765762 (Arata) -> ['FAIL', 'PASS', 'PASS']
  [988/1574] 1080206247803232 (Arata) -> ['PASS', 'FAIL', 'FAIL']
  [989/1574] 1741621496917416 (Arata) -> ['FAIL', 'FAIL', 'FAIL']
  [990/1574] 1090170733668929 (Arata) -> ['PASS', 'FAIL', 'FAIL']
  [991/1574] 28724928660435610 (Arata) -> ['FAIL', 'FAIL', 'PASS']
  [992/1574] 1617045019832751 (Arata) -> ['FAIL', 'PASS', 'PASS']
  [993/1574] 1709823120076436 (Arata) -> ['PASS', 'FAIL', 'FAIL']
  [994/1574] 1451110183219429 (Ktein) -> ['FAIL', 'PASS', 'FAIL']
  [995/1574] 1502490518249096 (Ktein) -> ['PASS', 'PASS', 'FAIL']
  [996/1574] 1486395486087958 (Ktein) -> ['FAIL', 'FAIL', 'FAIL']
  [997/1574] 1237719457904725 (Ktein) -> ['FAIL', 'PASS', 'FAIL']
  [998/1574] 1814380555913352 (Ktein) -> ['PASS', 'FAIL', 'FAIL']
  [999/1574] 1558245869158514 (Ktein) -> ['FAIL', 'FAIL', 'PASS']
  [1000/1574] 1333597158263788 (Ktein) -> ['FAIL', 'FAIL', 'FAIL']
    -- flushed 20 to Supabase --
  [1001/1574] 4347194288877232 (Ktein) -> ['FAIL', 'FAIL', 'FAIL']
  [1002/1574] 2077045199624690 (Ktein) -> ['FAIL', 'FAIL', 'FAIL']
  [1003/1574] 2096558614541987 (Ktein) -> ['PASS', 'FAIL', 'FAIL']
  [1004/1574] 28347320624905271 (WishCare) -> ['FAIL', 'FAIL', 'PASS']
  [1005/1574] 2015814915962237 (Ktein) -> ['PASS', 'FAIL', 'PASS']
  [1006/1574] 1929294761118103 (Ktein) -> ['PASS', 'FAIL', 'FAIL']
  [1007/1574] 1512435579878630 (Ktein) -> ['PASS', 'PASS', 'PASS']
  [1008/1574] 1371715060961489 (Ktein) -> ['PASS', 'PASS', 'PASS']
  [1009/1574] 1759738015339505 (Ktein) -> ['FAIL', 'FAIL', 'FAIL']
  [1010/1574] 2224978518352294 (Ktein) -> ['PASS', 'PASS', 'FAIL']
  [1011/1574] 1017043241274243 (Ktein) -> ['FAIL', 'PASS', 'FAIL']
  [1012/1574] 1673795387500932 (WishCare) -> ['NEEDS_EDIT', 'PASS', 'FAIL']
  [1013/1574] 1515501366774551 (Ktein) -> ['PASS', 'FAIL', 'FAIL']
  [1014/1574] 1831725864763522 (Earth Rhythm) -> ['PASS', 'FAIL', 'FAIL']
  [1015/1574] 1753121169266943 (Earth Rhythm) -> ['FAIL', 'FAIL', 'PASS']
  [1016/1574] 1345066340729587 (Earth Rhythm) -> ['PASS', 'FAIL', 'PASS']
  [1017/1574] 949826084804988 (Earth Rhythm) -> ['PASS', 'FAIL', 'FAIL']
  [1018/1574] 1561944705731952 (Earth Rhythm) -> ['PASS', 'PASS', 'PASS']
  [1019/1574] 1416933893693148 (Earth Rhythm) -> ['FAIL', 'FAIL', 'PASS']
  [1020/1574] 1028587653272374 (WishCare) -> ['FAIL', 'PASS', 'PASS']
    -- flushed 20 to Supabase --
  [1021/1574] 1283572607079115 (Earth Rhythm) -> ['PASS', 'FAIL', 'FAIL']
  [1022/1574] 1271774542681900 (Earth Rhythm) -> ['FAIL', 'PASS', 'PASS']
  [1023/1574] 2242095846637402 (Earth Rhythm) -> ['NEEDS_EDIT', 'PASS', 'FAIL']
  [1024/1574] 1699958051271956 (Earth Rhythm) -> ['PASS', 'PASS', 'FAIL']
  [1025/1574] 3962083087418919 (Earth Rhythm) -> ['PASS', 'FAIL', 'FAIL']
  [1026/1574] 824662457371370 (Earth Rhythm) -> ['PASS', 'PASS', 'FAIL']
  [1027/1574] 2134215853797410 (Earth Rhythm) -> ['PASS', 'PASS', 'PASS']
  [1028/1574] 1764420571425252 (Earth Rhythm) -> ['FAIL', 'PASS', 'PASS']
  [1029/1574] 1800225678015752 (WishCare) -> ['PASS', 'PASS', 'FAIL']
  [1030/1574] 921017650553880 (WishCare) -> ['PASS', 'FAIL', 'PASS']
  [1031/1574] 1590432989250602 (WishCare) -> ['FAIL', 'FAIL', 'FAIL']
  [1032/1574] 1194647132799631 (WishCare) -> ['PASS', 'PASS', 'FAIL']
  [1033/1574] 2836094790087550 (WishCare) -> ['PASS', 'FAIL', 'FAIL']
  [1034/1574] 1592721279065705 (WishCare) -> ['PASS', 'PASS', 'PASS']
  [1035/1574] 1080822337750146 (WishCare) -> ['PASS', 'PASS', 'PASS']
  [1036/1574] 1437413801564634 (WishCare) -> ['FAIL', 'PASS', 'FAIL']
  [1037/1574] 2159826652082638 (WishCare) -> ['FAIL', 'FAIL', 'FAIL']
  [1038/1574] 2053644781918583 (WishCare) -> ['PASS', 'FAIL', 'PASS']
  [1039/1574] 2181310852809602 (WishCare) -> ['PASS', 'FAIL', 'FAIL']
  [1040/1574] 1439683091551972 (WishCare) -> ['FAIL', 'PASS', 'PASS']
    -- flushed 20 to Supabase --
  [1041/1574] 1418887790346430 (WishCare) -> ['PASS', 'PASS', 'PASS']
  [1042/1574] 1125221263494057 (WishCare) -> ['PASS', 'FAIL', 'PASS']
  [1043/1574] 946371195181306 (WishCare) -> ['FAIL', 'FAIL', 'FAIL']
  [1044/1574] 2147759359427466 (Tjori) -> ['PASS', 'FAIL', 'FAIL']
  [1045/1574] 1787650332388761 (WishCare) -> ['FAIL', 'FAIL', 'PASS']
  [1046/1574] 1612090574035539 (WishCare) -> ['PASS', 'FAIL', 'PASS']
  [1047/1574] 955748867568617 (WishCare) -> ['PASS', 'PASS', 'FAIL']
  [1048/1574] 1062884150064208 (WishCare) -> ['PASS', 'FAIL', 'FAIL']
  [1049/1574] 1646123047110111 (WishCare) -> ['FAIL', 'PASS', 'PASS']
  [1050/1574] 1081773101027062 (WishCare) -> ['PASS', 'FAIL', 'FAIL']
  [1051/1574] 1620209169717640 (WishCare) -> ['FAIL', 'FAIL', 'FAIL']
  [1052/1574] 1064747906148895 (WishCare) -> ['PASS', 'FAIL', 'FAIL']
  [1053/1574] 1125920019963068 (WishCare) -> ['FAIL', 'FAIL', 'FAIL']
  [1054/1574] 1743344956788045 (WishCare) -> ['PASS', 'FAIL', 'FAIL']
  [1055/1574] 2202880513618484 (WishCare) -> ['PASS', 'PASS', 'FAIL']
  [1056/1574] 1381998686856861 (WishCare) -> ['FAIL', 'PASS', 'FAIL']
  [1057/1574] 2581198888969139 (WishCare) -> ['PASS', 'PASS', 'FAIL']
  [1058/1574] 1052939684125436 (WishCare) -> ['PASS', 'PASS', 'FAIL']
  [1059/1574] 2148649402355523 (WishCare) -> ['FAIL', 'PASS', 'PASS']
  [1060/1574] 1925626568435163 (WishCare) -> ['FAIL', 'FAIL', 'FAIL']
    -- flushed 20 to Supabase --
  [1061/1574] 1548545916542709 (WishCare) -> ['PASS', 'FAIL', 'FAIL']
  [1062/1574] 1603908221177817 (WishCare) -> ['PASS', 'PASS', 'PASS']
  [1063/1574] 1064492896450331 (WishCare) -> ['PASS', 'PASS', 'PASS']
  [1064/1574] 1360129179535726 (WishCare) -> ['NEEDS_EDIT', 'FAIL', 'PASS']
  [1065/1574] 27866041866357953 (WishCare) -> ['FAIL', 'PASS', 'PASS']
  [1066/1574] 2114660112419054 (WishCare) -> ['FAIL', 'PASS', 'FAIL']
  [1067/1574] 2329643907859445 (WishCare) -> ['FAIL', 'FAIL', 'FAIL']
  [1068/1574] 2960893800927723 (WishCare) -> ['PASS', 'PASS', 'PASS']
  [1069/1574] 1372269485031913 (WishCare) -> ['PASS', 'PASS', 'PASS']
  [1070/1574] 2128349504704878 (WishCare) -> ['PASS', 'PASS', 'PASS']
  [1071/1574] 1428657385815838 (WishCare) -> ['FAIL', 'FAIL', 'PASS']
  [1072/1574] 1761298385061948 (WishCare) -> ['FAIL', 'FAIL', 'FAIL']
  [1073/1574] 1067659159088678 (WishCare) -> ['PASS', 'PASS', 'FAIL']
  [1074/1574] 1753267682340447 (WOW Skin Science) -> ['PASS', 'PASS', 'FAIL']
  [1075/1574] 1023237587370394 (WishCare) -> ['PASS', 'FAIL', 'FAIL']
  [1076/1574] 1703849597364913 (WOW Skin Science) -> ['PASS', 'PASS', 'FAIL']
  [1077/1574] 978617684937894 (WOW Skin Science) -> ['FAIL', 'PASS', 'PASS']
  [1078/1574] 1050377921305360 (WOW Skin Science) -> ['PASS', 'PASS', 'FAIL']
  [1079/1574] 1451688846956055 (WOW Skin Science) -> ['PASS', 'PASS', 'PASS']
  [1080/1574] 988993070436822 (WOW Skin Science) -> ['PASS', 'PASS', 'PASS']
    -- flushed 20 to Supabase --
  [1081/1574] 1033771986315196 (WOW Skin Science) -> ['PASS', 'FAIL', 'PASS']
  [1082/1574] 1924152804952301 (WOW Skin Science) -> ['FAIL', 'FAIL', 'PASS']
  [1083/1574] 993119197035268 (WOW Skin Science) -> ['NEEDS_EDIT', 'FAIL', 'FAIL']
  [1084/1574] 1505744107977973 (WOW Skin Science) -> ['PASS', 'PASS', 'PASS']
  [1085/1574] 4086975068269782 (WOW Skin Science) -> ['PASS', 'FAIL', 'PASS']
  [1086/1574] 1006828638423892 (WOW Skin Science) -> ['PASS', 'PASS', 'FAIL']
  [1087/1574] 4518575391752677 (Just Herbs) -> ['PASS', 'FAIL', 'PASS']
  [1088/1574] 1631443755324410 (Just Herbs) -> ['FAIL', 'FAIL', 'PASS']
  [1089/1574] 1937696530203838 (Just Herbs) -> ['PASS', 'FAIL', 'FAIL']
  [1090/1574] 2295434714544108 (Just Herbs) -> ['PASS', 'FAIL', 'PASS']
  [1091/1574] 1093711703166188 (Just Herbs) -> ['PASS', 'FAIL', 'PASS']
  [1092/1574] 1880032033402422 (Just Herbs) -> ['PASS', 'FAIL', 'PASS']
  [1093/1574] 3742300379245885 (Just Herbs) -> ['PASS', 'FAIL', 'PASS']
  [1094/1574] 4455278114712056 (Just Herbs) -> ['PASS', 'FAIL', 'PASS']
  [1095/1574] 1085845324115681 (Just Herbs) -> ['PASS', 'PASS', 'FAIL']
  [1096/1574] 4591717571150534 (Just Herbs) -> ['PASS', 'PASS', 'FAIL']
  [1097/1574] 902951959304571 (Juicy Chemistry) -> ['PASS', 'PASS', 'FAIL']
  [1098/1574] 968901716241031 (Juicy Chemistry) -> ['FAIL', 'FAIL', 'PASS']
  [1099/1574] 2047144949251028 (Juicy Chemistry) -> ['PASS', 'PASS', 'PASS']
  [1100/1574] 2087473662139927 (Juicy Chemistry) -> ['PASS', 'PASS', 'PASS']
    -- flushed 20 to Supabase --
  [1101/1574] 28542693818667844 (Juicy Chemistry) -> ['PASS', 'PASS', 'PASS']
  [1102/1574] 1085126440577818 (Juicy Chemistry) -> ['PASS', 'PASS', 'PASS']
  [1103/1574] 4369309706545810 (Juicy Chemistry) -> ['PASS', 'PASS', 'PASS']
  [1104/1574] 1463531625606903 (Juicy Chemistry) -> ['PASS', 'PASS', 'PASS']
  [1105/1574] 1085695004326298 (Juicy Chemistry) -> ['PASS', 'PASS', 'FAIL']
  [1106/1574] 1610778457104581 (Juicy Chemistry) -> ['PASS', 'PASS', 'PASS']
  [1107/1574] 2076375579916769 (Juicy Chemistry) -> ['PASS', 'FAIL', 'FAIL']
  [1108/1574] 1480067257214701 (Juicy Chemistry) -> ['PASS', 'PASS', 'PASS']
  [1109/1574] 1495656105702205 (Juicy Chemistry) -> ['FAIL', 'FAIL', 'FAIL']
  [1110/1574] 1420319076700121 (Juicy Chemistry) -> ['FAIL', 'FAIL', 'FAIL']
  [1111/1574] 1114937010885990 (Juicy Chemistry) -> ['PASS', 'PASS', 'PASS']
  [1112/1574] 1619969102858990 (Juicy Chemistry) -> ['PASS', 'PASS', 'PASS']
  [1113/1574] 1070120452554068 (Juicy Chemistry) -> ['PASS', 'PASS', 'PASS']
  [1114/1574] 1392925885595117 (Juicy Chemistry) -> ['PASS', 'PASS', 'PASS']
  [1115/1574] 1567368718201329 (Juicy Chemistry) -> ['FAIL', 'FAIL', 'FAIL']
  [1116/1574] 1108803094822160 (Juicy Chemistry) -> ['PASS', 'FAIL', 'PASS']
  [1117/1574] 1295159972578118 (Juicy Chemistry) -> ['PASS', 'PASS', 'PASS']
  [1118/1574] 2273708196720782 (Juicy Chemistry) -> ['PASS', 'PASS', 'PASS']
  [1119/1574] 1017537454671261 (Juicy Chemistry) -> ['PASS', 'FAIL', 'PASS']
  [1120/1574] 3513497855485514 (Juicy Chemistry) -> ['PASS', 'PASS', 'PASS']
    -- flushed 20 to Supabase --
  [1121/1574] 1064567246371572 (Juicy Chemistry) -> ['PASS', 'FAIL', 'PASS']
  [1122/1574] 1062614346536620 (Juicy Chemistry) -> ['PASS', 'PASS', 'PASS']
  [1123/1574] 1137731678918310 (Juicy Chemistry) -> ['PASS', 'PASS', 'PASS']
  [1124/1574] 2052657225396615 (Juicy Chemistry) -> ['PASS', 'PASS', 'PASS']
  [1125/1574] 1049528481316832 (Juicy Chemistry) -> ['PASS', 'FAIL', 'FAIL']
  [1126/1574] 1653084933069605 (Juicy Chemistry) -> ['FAIL', 'PASS', 'PASS']
  [1127/1574] 2589976818101394 (Juicy Chemistry) -> ['FAIL', 'PASS', 'PASS']
  [1128/1574] 1107574605267640 (Juicy Chemistry) -> ['PASS', 'PASS', 'PASS']
  [1129/1574] 1045871024921809 (Juicy Chemistry) -> ['PASS', 'FAIL', 'PASS']
  [1130/1574] 1050569721153606 (Juicy Chemistry) -> ['PASS', 'PASS', 'FAIL']
  [1131/1574] 1615673659924639 (Juicy Chemistry) -> ['PASS', 'PASS', 'PASS']
  [1132/1574] 2130197657926091 (Juicy Chemistry) -> ['FAIL', 'FAIL', 'PASS']
  [1133/1574] 2743386746055382 (Juicy Chemistry) -> ['PASS', 'PASS', 'PASS']
  [1134/1574] 2858084774571506 (Juicy Chemistry) -> ['FAIL', 'FAIL', 'FAIL']
  [1135/1574] 1815007799679818 (Juicy Chemistry) -> ['PASS', 'FAIL', 'FAIL']
  [1136/1574] 2002566880446381 (Juicy Chemistry) -> ['FAIL', 'PASS', 'FAIL']
  [1137/1574] 1559758332514872 (Juicy Chemistry) -> ['FAIL', 'FAIL', 'PASS']
  [1138/1574] 2142794059926952 (Juicy Chemistry) -> ['NEEDS_EDIT', 'PASS', 'PASS']
  [1139/1574] 1363686675932251 (Juicy Chemistry) -> ['PASS', 'FAIL', 'PASS']
  [1140/1574] 2552033958568852 (Juicy Chemistry) -> ['PASS', 'FAIL', 'PASS']
    -- flushed 20 to Supabase --
  [1141/1574] 26628511523513437 (Juicy Chemistry) -> ['PASS', 'PASS', 'PASS']
  [1142/1574] 1079344897786422 (Juicy Chemistry) -> ['FAIL', 'FAIL', 'FAIL']
  [1143/1574] 2148858516009178 (Juicy Chemistry) -> ['PASS', 'FAIL', 'FAIL']
  [1144/1574] 1388424629525536 (Juicy Chemistry) -> ['PASS', 'PASS', 'PASS']
  [1145/1574] 1308210931246555 (Juicy Chemistry) -> ['FAIL', 'PASS', 'PASS']
  [1146/1574] 1091513679994468 (Juicy Chemistry) -> ['PASS', 'PASS', 'PASS']
  [1147/1574] 2593242297796673 (Juicy Chemistry) -> ['PASS', 'PASS', 'PASS']
  [1148/1574] 944596121404369 (Juicy Chemistry) -> ['PASS', 'PASS', 'FAIL']
  [1149/1574] 1015560998178923 (Juicy Chemistry) -> ['PASS', 'PASS', 'PASS']
  [1150/1574] 1343484197864371 (Juicy Chemistry) -> ['PASS', 'PASS', 'FAIL']
  [1151/1574] 28218606711122971 (Juicy Chemistry) -> ['PASS', 'PASS', 'PASS']
  [1152/1574] 2235216723992447 (Juicy Chemistry) -> ['PASS', 'FAIL', 'PASS']
  [1153/1574] 1034673149621536 (Juicy Chemistry) -> ['PASS', 'PASS', 'PASS']
  [1154/1574] 1538055081457756 (Juicy Chemistry) -> ['PASS', 'FAIL', 'FAIL']
  [1155/1574] 1026626180374042 (Soulflower) -> ['PASS', 'FAIL', 'PASS']
  [1156/1574] 28094350256923899 (Soulflower) -> ['PASS', 'PASS', 'PASS']
  [1157/1574] 1583698356772596 (Soulflower) -> ['PASS', 'FAIL', 'PASS']
  [1158/1574] 1604045241250409 (Soulflower) -> ['PASS', 'PASS', 'PASS']
  [1159/1574] 1686126812719454 (Soulflower) -> ['PASS', 'PASS', 'PASS']
  [1160/1574] 1072207152031569 (Soulflower) -> ['PASS', 'PASS', 'PASS']
    -- flushed 20 to Supabase --
  [1161/1574] 2075538726384160 (Soulflower) -> ['FAIL', 'FAIL', 'FAIL']
  [1162/1574] 2891193261273651 (Soulflower) -> ['FAIL', 'FAIL', 'FAIL']
  [1163/1574] 28318242541161250 (Soulflower) -> ['PASS', 'FAIL', 'FAIL']
  [1164/1574] 1605534344362754 (Soulflower) -> ['PASS', 'PASS', 'PASS']
  [1165/1574] 3316021465225821 (Soulflower) -> ['PASS', 'FAIL', 'PASS']
  [1166/1574] 2670744869990471 (Soulflower) -> ['PASS', 'FAIL', 'FAIL']
  [1167/1574] 1788195972382182 (Soulflower) -> ['FAIL', 'FAIL', 'FAIL']
  [1168/1574] 1057303013938706 (Soulflower) -> ['PASS', 'FAIL', 'PASS']
  [1169/1574] 28665286806441844 (Soulflower) -> ['PASS', 'FAIL', 'FAIL']
  [1170/1574] 915805001188453 (Soulflower) -> ['PASS', 'FAIL', 'PASS']
  [1171/1574] 2042500803035410 (Soulflower) -> ['PASS', 'FAIL', 'PASS']
  [1172/1574] 1399041804975736 (Soulflower) -> ['FAIL', 'FAIL', 'PASS']
  [1173/1574] 2286092522162672 (Soulflower) -> ['PASS', 'FAIL', 'FAIL']
  [1174/1574] 955264260963669 (Soulflower) -> ['PASS', 'PASS', 'PASS']
  [1175/1574] 1449777943636153 (Soulflower) -> ['PASS', 'PASS', 'FAIL']
  [1176/1574] 2291691561673682 (Soulflower) -> ['PASS', 'PASS', 'PASS']
  [1177/1574] 2103375864388089 (Soulflower) -> ['PASS', 'FAIL', 'FAIL']
  [1178/1574] 1060733580173569 (Soulflower) -> ['PASS', 'FAIL', 'PASS']
  [1179/1574] 1743435643470622 (Soulflower) -> ['PASS', 'PASS', 'PASS']
  [1180/1574] 1717689149423751 (Ras Luxury Oils) -> ['PASS', 'FAIL', 'FAIL']
    -- flushed 20 to Supabase --
  [1181/1574] 1513024197530053 (Soulflower) -> ['FAIL', 'FAIL', 'FAIL']
  [1182/1574] 1790842345240845 (Soulflower) -> ['FAIL', 'PASS', 'FAIL']
  [1183/1574] 1383294057244517 (Soulflower) -> ['PASS', 'FAIL', 'FAIL']
  [1184/1574] 1052167657587817 (Soulflower) -> ['PASS', 'PASS', 'FAIL']
  [1185/1574] 28555037444182980 (Soulflower) -> ['PASS', 'PASS', 'FAIL']
  [1186/1574] 1405309147845028 (Soulflower) -> ['PASS', 'PASS', 'PASS']
  [1187/1574] 1031593759478528 (Soulflower) -> ['PASS', 'FAIL', 'FAIL']
  [1188/1574] 1601527948166452 (Soulflower) -> ['PASS', 'FAIL', 'FAIL']
  [1189/1574] 1365431258692394 (Soulflower) -> ['PASS', 'PASS', 'PASS']
  [1190/1574] 1810064817078663 (Soulflower) -> ['FAIL', 'FAIL', 'PASS']
  [1191/1574] 2326099871499251 (Soulflower) -> ['FAIL', 'PASS', 'PASS']
  [1192/1574] 3678786655622380 (Soulflower) -> ['PASS', 'FAIL', 'PASS']
  [1193/1574] 2952726935074789 (Soulflower) -> ['PASS', 'FAIL', 'PASS']
  [1194/1574] 1261514586107806 (Soulflower) -> ['PASS', 'FAIL', 'FAIL']
  [1195/1574] 1408714171462986 (Soulflower) -> ['FAIL', 'PASS', 'FAIL']
  [1196/1574] 2172128700396805 (Soulflower) -> ['PASS', 'PASS', 'PASS']
  [1197/1574] 1536563897927324 (Ras Luxury Oils) -> ['PASS', 'FAIL', 'FAIL']
  [1198/1574] 1069399362227860 (Soulflower) -> ['PASS', 'PASS', 'PASS']
  [1199/1574] 1056671369710514 (Soulflower) -> ['PASS', 'PASS', 'PASS']
  [1200/1574] 2072006327039332 (Soulflower) -> ['PASS', 'PASS', 'PASS']
    -- flushed 20 to Supabase --
  [1201/1574] 728170809887906 (Soulflower) -> ['PASS', 'PASS', 'PASS']
  [1202/1574] 1792806528248648 (Soulflower) -> ['PASS', 'FAIL', 'PASS']
  [1203/1574] 2243730829704778 (Soulflower) -> ['PASS', 'PASS', 'PASS']
  [1204/1574] 2126177864913198 (Ras Luxury Oils) -> ['PASS', 'PASS', 'FAIL']
  [1205/1574] 3454958671323831 (Soulflower) -> ['PASS', 'PASS', 'PASS']
  [1206/1574] 1982975909311266 (Soulflower) -> ['PASS', 'FAIL', 'PASS']
  [1207/1574] 1788182972168557 (Soulflower) -> ['PASS', 'PASS', 'FAIL']
  [1208/1574] 2329030814591448 (Soulflower) -> ['PASS', 'FAIL', 'FAIL']
  [1209/1574] 2720487944793696 (Ras Luxury Oils) -> ['FAIL', 'FAIL', 'PASS']
  [1210/1574] 1374361568094371 (Soulflower) -> ['PASS', 'PASS', 'FAIL']
  [1211/1574] 1042312054811953 (Soulflower) -> ['PASS', 'FAIL', 'PASS']
  [1212/1574] 956575810308488 (Ras Luxury Oils) -> ['FAIL', 'FAIL', 'FAIL']
  [1213/1574] 34551397897791838 (Ras Luxury Oils) -> ['PASS', 'PASS', 'FAIL']
  [1214/1574] 1458935889155397 (Ras Luxury Oils) -> ['PASS', 'FAIL', 'PASS']
  [1215/1574] 943871625239477 (Ras Luxury Oils) -> ['PASS', 'PASS', 'PASS']
  [1216/1574] 2012303439398546 (Ras Luxury Oils) -> ['FAIL', 'PASS', 'PASS']
  [1217/1574] 1304965568382272 (Ras Luxury Oils) -> ['FAIL', 'PASS', 'PASS']
  [1218/1574] 1574152064304926 (Ras Luxury Oils) -> ['PASS', 'FAIL', 'FAIL']
  [1219/1574] 1260614450469505 (Ras Luxury Oils) -> ['FAIL', 'FAIL', 'FAIL']
  [1220/1574] 968955812734856 (Ras Luxury Oils) -> ['PASS', 'FAIL', 'FAIL']
    -- flushed 20 to Supabase --
  [1221/1574] 26911133831846284 (Ras Luxury Oils) -> ['FAIL', 'PASS', 'FAIL']
  [1222/1574] 1391054599573672 (Ras Luxury Oils) -> ['FAIL', 'PASS', 'PASS']
  [1223/1574] 3230009997185207 (Ras Luxury Oils) -> ['PASS', 'FAIL', 'FAIL']
  [1224/1574] 3278642755859367 (Ras Luxury Oils) -> ['PASS', 'PASS', 'PASS']
  [1225/1574] 2182619415831564 (Ras Luxury Oils) -> ['FAIL', 'FAIL', 'FAIL']
  [1226/1574] 1370448341844115 (Ras Luxury Oils) -> ['FAIL', 'FAIL', 'PASS']
  [1227/1574] 3209569192571618 (Ras Luxury Oils) -> ['FAIL', 'FAIL', 'PASS']
  [1228/1574] 3090309274493532 (Ras Luxury Oils) -> ['PASS', 'PASS', 'PASS']
  [1229/1574] 1551091512539941 (Ras Luxury Oils) -> ['PASS', 'PASS', 'PASS']
  [1230/1574] 1389118773315874 (Ras Luxury Oils) -> ['NEEDS_EDIT', 'PASS', 'NEEDS_EDIT']
  [1231/1574] 1741562397011231 (Ras Luxury Oils) -> ['FAIL', 'FAIL', 'PASS']
  [1232/1574] 26925891987048951 (Ras Luxury Oils) -> ['FAIL', 'FAIL', 'FAIL']
  [1233/1574] 900972372920653 (Ras Luxury Oils) -> ['PASS', 'FAIL', 'PASS']
  [1234/1574] 2024353902293560 (Ras Luxury Oils) -> ['PASS', 'PASS', 'FAIL']
  [1235/1574] 27328272030137464 (Ras Luxury Oils) -> ['PASS', 'FAIL', 'PASS']
  [1236/1574] 1391934602842041 (Ras Luxury Oils) -> ['PASS', 'PASS', 'PASS']
  [1237/1574] 974213248960203 (Ras Luxury Oils) -> ['PASS', 'FAIL', 'FAIL']
  [1238/1574] 27201570756184450 (Ras Luxury Oils) -> ['PASS', 'PASS', 'PASS']
  [1239/1574] 1610797677323117 (Ras Luxury Oils) -> ['PASS', 'PASS', 'FAIL']
  [1240/1574] 962349772870372 (Ras Luxury Oils) -> ['PASS', 'FAIL', 'FAIL']
    -- flushed 20 to Supabase --
  [1241/1574] 1667553801104321 (Ras Luxury Oils) -> ['PASS', 'FAIL', 'FAIL']
  [1242/1574] 1093581162984650 (Ras Luxury Oils) -> ['FAIL', 'PASS', 'FAIL']
  [1243/1574] 1243150214653185 (Ras Luxury Oils) -> ['PASS', 'FAIL', 'FAIL']
  [1244/1574] 26936830565948599 (Ras Luxury Oils) -> ['PASS', 'FAIL', 'PASS']
  [1245/1574] 1321135579961306 (Ras Luxury Oils) -> ['PASS', 'PASS', 'PASS']
  [1246/1574] 1371282537902222 (Ras Luxury Oils) -> ['PASS', 'FAIL', 'PASS']
  [1247/1574] 2440778383066454 (Ras Luxury Oils) -> ['PASS', 'PASS', 'PASS']
  [1248/1574] 2224544698291986 (Ras Luxury Oils) -> ['PASS', 'FAIL', 'PASS']
  [1249/1574] 1624234422654575 (Ras Luxury Oils) -> ['PASS', 'FAIL', 'PASS']
  [1250/1574] 3848255065314106 (Shankara) -> ['FAIL', 'FAIL', 'FAIL']
  [1251/1574] 817416434248174 (Ras Luxury Oils) -> ['PASS', 'PASS', 'FAIL']
  [1252/1574] 26941998468745384 (Ras Luxury Oils) -> ['PASS', 'PASS', 'PASS']
  [1253/1574] 988391850833830 (Ras Luxury Oils) -> ['PASS', 'PASS', 'PASS']
  [1254/1574] 1065427046053333 (Ras Luxury Oils) -> ['PASS', 'FAIL', 'FAIL']
  [1255/1574] 1572599071323574 (Shankara) -> ['PASS', 'FAIL', 'PASS']
  [1256/1574] 4620835808204129 (Ras Luxury Oils) -> ['PASS', 'FAIL', 'PASS']
  [1257/1574] 1638369280547405 (Shankara) -> ['PASS', 'PASS', 'PASS']
  [1258/1574] 1292982216135905 (Shankara) -> ['PASS', 'FAIL', 'FAIL']
  [1259/1574] 1084806933968613 (Shankara) -> ['PASS', 'PASS', 'PASS']
  [1260/1574] 997771559320758 (Shankara) -> ['PASS', 'FAIL', 'PASS']
    -- flushed 20 to Supabase --
  [1261/1574] 996160642991063 (Shankara) -> ['NEEDS_EDIT', 'PASS', 'PASS']
  [1262/1574] 2822416944787663 (Shankara) -> ['FAIL', 'FAIL', 'FAIL']
  [1263/1574] 4526854414211335 (Shankara) -> ['PASS', 'FAIL', 'PASS']
  [1264/1574] 867741823088889 (Shankara) -> ['PASS', 'FAIL', 'PASS']
  [1265/1574] 2581904578928835 (Shankara) -> ['FAIL', 'PASS', 'FAIL']
  [1266/1574] 1380753967368899 (Shankara) -> ['FAIL', 'PASS', 'PASS']
  [1267/1574] 1033355719339161 (Shankara) -> ['PASS', 'PASS', 'PASS']
  [1268/1574] 2079440846281490 (Shankara) -> ['PASS', 'PASS', 'PASS']
  [1269/1574] 2187886855470400 (Shankara) -> ['PASS', 'PASS', 'PASS']
  [1270/1574] 1442258901131005 (Shankara) -> ['PASS', 'FAIL', 'PASS']
  [1271/1574] 2261816367929310 (Shankara) -> ['PASS', 'PASS', 'PASS']
  [1272/1574] 2163796634520082 (Shankara) -> ['PASS', 'PASS', 'FAIL']
  [1273/1574] 1648213526922380 (Shankara) -> ['PASS', 'PASS', 'PASS']
  [1274/1574] 1704853731002932 (Shankara) -> ['PASS', 'PASS', 'PASS']
  [1275/1574] 1408954847862993 (Shankara) -> ['PASS', 'PASS', 'FAIL']
  [1276/1574] 1802626071085156 (Shankara) -> ['PASS', 'PASS', 'PASS']
  [1277/1574] 1040903701658488 (Shankara) -> ['PASS', 'PASS', 'PASS']
  [1278/1574] 1680623743399850 (Shankara) -> ['PASS', 'FAIL', 'PASS']
  [1279/1574] 1764609534453347 (Shankara) -> ['PASS', 'PASS', 'PASS']
  [1280/1574] 2322811875153112 (Shankara) -> ['FAIL', 'PASS', 'PASS']
    -- flushed 20 to Supabase --
  [1281/1574] 1080410027912671 (Shankara) -> ['PASS', 'FAIL', 'FAIL']
  [1282/1574] 1753252042454189 (Shankara) -> ['PASS', 'PASS', 'PASS']
  [1283/1574] 1109489328404088 (Shankara) -> ['PASS', 'FAIL', 'PASS']
  [1284/1574] 1597703245407571 (Shankara) -> ['FAIL', 'FAIL', 'FAIL']
  [1285/1574] 1092956276576208 (Shankara) -> ['PASS', 'PASS', 'PASS']
  [1286/1574] 4546389932242550 (Shankara) -> ['PASS', 'PASS', 'PASS']
  [1287/1574] 1399039795032807 (Shankara) -> ['PASS', 'PASS', 'FAIL']
  [1288/1574] 1686029266370877 (Shankara) -> ['PASS', 'PASS', 'PASS']
  [1289/1574] 28242811295399760 (Shankara) -> ['PASS', 'PASS', 'FAIL']
  [1290/1574] 1799613714400903 (Shankara) -> ['PASS', 'PASS', 'FAIL']
  [1291/1574] 1076263568220575 (Shankara) -> ['PASS', 'PASS', 'FAIL']
  [1292/1574] 2055992281719083 (Shankara) -> ['FAIL', 'FAIL', 'FAIL']
  [1293/1574] 1089937636742797 (Shankara) -> ['PASS', 'FAIL', 'PASS']
  [1294/1574] 1509294503911483 (Shankara) -> ['FAIL', 'FAIL', 'FAIL']
  [1295/1574] 1032168442913882 (Shankara) -> ['PASS', 'PASS', 'PASS']
  [1296/1574] 1109310538117852 (Shankara) -> ['FAIL', 'FAIL', 'PASS']
  [1297/1574] 1089350946935593 (Shankara) -> ['FAIL', 'FAIL', 'FAIL']
  [1298/1574] 1722216155865371 (Shankara) -> ['PASS', 'PASS', 'FAIL']
  [1299/1574] 1401976128500383 (Shankara) -> ['PASS', 'FAIL', 'FAIL']
  [1300/1574] 4531232363858762 (Shankara) -> ['PASS', 'PASS', 'PASS']
    -- flushed 20 to Supabase --
  [1301/1574] 805481082577723 (Shankara) -> ['PASS', 'PASS', 'PASS']
  [1302/1574] 1078805021336454 (Shankara) -> ['PASS', 'PASS', 'PASS']
  [1303/1574] 952718117593803 (Shankara) -> ['PASS', 'FAIL', 'PASS']
  [1304/1574] 1582043243587893 (Shankara) -> ['PASS', 'FAIL', 'FAIL']
  [1305/1574] 1057200523689537 (Shankara) -> ['PASS', 'PASS', 'PASS']
  [1306/1574] 2147662569498115 (Shankara) -> ['PASS', 'PASS', 'PASS']
  [1307/1574] 1033061665856944 (Shankara) -> ['FAIL', 'PASS', 'FAIL']
  [1308/1574] 4019468741693352 (Shankara) -> ['PASS', 'PASS', 'PASS']
  [1309/1574] 1391717732433361 (Shankara) -> ['PASS', 'FAIL', 'FAIL']
  [1310/1574] 1407019361274770 (Shankara) -> ['PASS', 'FAIL', 'PASS']
  [1311/1574] 1410714977659917 (Shankara) -> ['PASS', 'PASS', 'PASS']
  [1312/1574] 2252838908675722 (Shankara) -> ['FAIL', 'PASS', 'PASS']
  [1313/1574] 910929732000223 (Shankara) -> ['NEEDS_EDIT', 'PASS', 'PASS']
  [1314/1574] 1087234537571772 (Shankara) -> ['PASS', 'FAIL', 'FAIL']
  [1315/1574] 1394631079438663 (Shankara) -> ['FAIL', 'FAIL', 'FAIL']
  [1316/1574] 1097943812919024 (Shankara) -> ['PASS', 'PASS', 'FAIL']
  [1317/1574] 1691489071953255 (Shankara) -> ['PASS', 'PASS', 'PASS']
  [1318/1574] 1386869613561328 (Shankara) -> ['PASS', 'FAIL', 'PASS']
  [1319/1574] 1657659152450096 (Shankara) -> ['PASS', 'FAIL', 'PASS']
  [1320/1574] 1558694042125754 (Shankara) -> ['PASS', 'PASS', 'PASS']
    -- flushed 20 to Supabase --
  [1321/1574] 27283404184610458 (Shankara) -> ['PASS', 'PASS', 'PASS']
  [1322/1574] 2119207399026247 (Shankara) -> ['PASS', 'FAIL', 'PASS']
  [1323/1574] 2137962983425174 (Shankara) -> ['PASS', 'PASS', 'FAIL']
  [1324/1574] 1712004589884487 (Shankara) -> ['PASS', 'PASS', 'PASS']
  [1325/1574] 28536350375997532 (Shankara) -> ['PASS', 'PASS', 'PASS']
  [1326/1574] 992552137172196 (Shankara) -> ['PASS', 'FAIL', 'FAIL']
  [1327/1574] 1462035279306922 (Shankara) -> ['PASS', 'PASS', 'FAIL']
  [1328/1574] 1607439567580054 (Shankara) -> ['PASS', 'PASS', 'PASS']
  [1329/1574] 38555000650813767 (Shankara) -> ['FAIL', 'FAIL', 'FAIL']
  [1330/1574] 1052591727774972 (Shankara) -> ['PASS', 'PASS', 'PASS']
  [1331/1574] 1808682907112495 (Shankara) -> ['PASS', 'PASS', 'PASS']
  [1332/1574] 1083118324204860 (Shankara) -> ['PASS', 'FAIL', 'FAIL']
  [1333/1574] 1567339358406998 (Shankara) -> ['FAIL', 'FAIL', 'FAIL']
  [1334/1574] 1800595133990480 (Tjori) -> ['PASS', 'PASS', 'PASS']
  [1335/1574] 857121214062680 (Tjori) -> ['FAIL', 'FAIL', 'PASS']
  [1336/1574] 836016639552958 (Tjori) -> ['PASS', 'PASS', 'FAIL']
  [1337/1574] 1110064208623121 (Tjori) -> ['PASS', 'FAIL', 'FAIL']
  [1338/1574] 2072845106956612 (Tjori) -> ['FAIL', 'FAIL', 'PASS']
  [1339/1574] 1276022374576653 (Tjori) -> ['PASS', 'PASS', 'FAIL']
  [1340/1574] 38483162857997524 (Tjori) -> ['PASS', 'PASS', 'PASS']
    -- flushed 20 to Supabase --
  [1341/1574] 2077429889545288 (Tjori) -> ['PASS', 'FAIL', 'FAIL']
  [1342/1574] 28109388015408111 (Tjori) -> ['PASS', 'PASS', 'PASS']
  [1343/1574] 1646019903923054 (Tjori) -> ['PASS', 'PASS', 'FAIL']
  [1344/1574] 1396939032543241 (Tjori) -> ['PASS', 'PASS', 'FAIL']
  [1345/1574] 1425845702789677 (Tjori) -> ['PASS', 'PASS', 'PASS']
  [1346/1574] 901396012837601 (Tjori) -> ['PASS', 'PASS', 'PASS']
  [1347/1574] 1088964660192860 (Tjori) -> ['PASS', 'FAIL', 'FAIL']
  [1348/1574] 2508650062936230 (Tjori) -> ['PASS', 'FAIL', 'FAIL']
  [1349/1574] 1603188624494869 (RE EQUIL) -> ['FAIL', 'FAIL', 'PASS']
  [1350/1574] 1598959824878415 (RE EQUIL) -> ['PASS', 'FAIL', 'PASS']
  [1351/1574] 2306725096764898 (RE EQUIL) -> ['FAIL', 'FAIL', 'FAIL']
  [1352/1574] 1021684613971370 (RE EQUIL) -> ['FAIL', 'FAIL', 'FAIL']
  [1353/1574] 1406597671632456 (RE EQUIL) -> ['FAIL', 'FAIL', 'FAIL']
  [1354/1574] 1553381429326217 (RE EQUIL) -> ['FAIL', 'FAIL', 'FAIL']
  [1355/1574] 1403868515057978 (RE EQUIL) -> ['FAIL', 'FAIL', 'FAIL']
  [1356/1574] 884967191364256 (RE EQUIL) -> ['FAIL', 'FAIL', 'PASS']
  [1357/1574] 1040280325391405 (RE EQUIL) -> ['FAIL', 'FAIL', 'FAIL']
  [1358/1574] 4522081068006096 (RE EQUIL) -> ['PASS', 'PASS', 'PASS']
  [1359/1574] 2274657823309888 (RE EQUIL) -> ['FAIL', 'FAIL', 'FAIL']
  [1360/1574] 1611917310300077 (RE EQUIL) -> ['FAIL', 'FAIL', 'FAIL']
    -- flushed 20 to Supabase --
  [1361/1574] 1758275608679094 (RE EQUIL) -> ['FAIL', 'FAIL', 'FAIL']
  [1362/1574] 1428013959248047 (RE EQUIL) -> ['PASS', 'FAIL', 'FAIL']
  [1363/1574] 1619626402868234 (RE EQUIL) -> ['PASS', 'FAIL', 'FAIL']
  [1364/1574] 1966195421005333 (RE EQUIL) -> ['PASS', 'FAIL', 'FAIL']
  [1365/1574] 1113665117890378 (RE EQUIL) -> ['FAIL', 'PASS', 'PASS']
  [1366/1574] 1047188348091309 (RE EQUIL) -> ['PASS', 'FAIL', 'FAIL']
  [1367/1574] 2058381874794013 (RE EQUIL) -> ['PASS', 'PASS', 'PASS']
  [1368/1574] 3918707194934792 (RE EQUIL) -> ['PASS', 'FAIL', 'FAIL']
  [1369/1574] 1665333361594920 (RE EQUIL) -> ['FAIL', 'FAIL', 'PASS']
  [1370/1574] 1555605842428656 (RE EQUIL) -> ['PASS', 'FAIL', 'FAIL']
  [1371/1574] 3382324598606025 (RE EQUIL) -> ['PASS', 'FAIL', 'FAIL']
  [1372/1574] 1613446070382094 (RE EQUIL) -> ['PASS', 'FAIL', 'NEEDS_EDIT']
  [1373/1574] 1612188063917839 (RE EQUIL) -> ['PASS', 'FAIL', 'FAIL']
  [1374/1574] 1353735833500041 (RE EQUIL) -> ['PASS', 'FAIL', 'PASS']
  [1375/1574] 1661609092056314 (RE EQUIL) -> ['PASS', 'FAIL', 'FAIL']
  [1376/1574] 1137181055843820 (RE EQUIL) -> ['FAIL', 'FAIL', 'FAIL']
  [1377/1574] 4330957003821710 (RE EQUIL) -> ['FAIL', 'FAIL', 'PASS']
  [1378/1574] 1866638614316411 (RE EQUIL) -> ['FAIL', 'PASS', 'PASS']
  [1379/1574] 1747959699740830 (RE EQUIL) -> ['PASS', 'FAIL', 'PASS']
  [1380/1574] 1066988009589726 (RE EQUIL) -> ['FAIL', 'FAIL', 'FAIL']
    -- flushed 20 to Supabase --
  [1381/1574] 1834640377694813 (RE EQUIL) -> ['FAIL', 'FAIL', 'FAIL']
  [1382/1574] 2349777419094836 (RE EQUIL) -> ['PASS', 'FAIL', 'PASS']
  [1383/1574] 2011562212885955 (RE EQUIL) -> ['PASS', 'PASS', 'PASS']
  [1384/1574] 4536366969972445 (RE EQUIL) -> ['PASS', 'FAIL', 'PASS']
  [1385/1574] 2154582251792892 (RE EQUIL) -> ['PASS', 'PASS', 'FAIL']
  [1386/1574] 1618958066420471 (Reginald Men) -> ['PASS', 'FAIL', 'FAIL']
  [1387/1574] 985802554496637 (RE EQUIL) -> ['FAIL', 'FAIL', 'FAIL']
  [1388/1574] 1122976303392615 (RE EQUIL) -> ['FAIL', 'FAIL', 'FAIL']
  [1389/1574] 1634967554855722 (RE EQUIL) -> ['PASS', 'PASS', 'FAIL']
  [1390/1574] 1593356795737812 (RE EQUIL) -> ['PASS', 'FAIL', 'PASS']
  [1391/1574] 1654606280001440 (RE EQUIL) -> ['PASS', 'PASS', 'PASS']
  [1392/1574] 1384150143348246 (RE EQUIL) -> ['PASS', 'FAIL', 'FAIL']
  [1393/1574] 1581635620329811 (RE EQUIL) -> ['FAIL', 'PASS', 'PASS']
  [1394/1574] 1743131040252833 (RE EQUIL) -> ['PASS', 'FAIL', 'PASS']
  [1395/1574] 1067892819363958 (RE EQUIL) -> ['PASS', 'PASS', 'PASS']
  [1396/1574] 4553427998309915 (RE EQUIL) -> ['PASS', 'PASS', 'FAIL']
  [1397/1574] 1037395129338402 (RE EQUIL) -> ['PASS', 'FAIL', 'FAIL']
  [1398/1574] 1600562608178591 (RE EQUIL) -> ['PASS', 'FAIL', 'FAIL']
  [1399/1574] 2358625984884398 (RE EQUIL) -> ['FAIL', 'FAIL', 'FAIL']
  [1400/1574] 986275954498816 (RE EQUIL) -> ['PASS', 'FAIL', 'FAIL']
    -- flushed 20 to Supabase --
  [1401/1574] 4152720994859659 (RE EQUIL) -> ['NEEDS_EDIT', 'PASS', 'PASS']
  [1402/1574] 1748420573144451 (Reginald Men) -> ['PASS', 'FAIL', 'PASS']
  [1403/1574] 28187117244238129 (RE EQUIL) -> ['FAIL', 'FAIL', 'PASS']
  [1404/1574] 1561837552079437 (RE EQUIL) -> ['PASS', 'FAIL', 'PASS']
  [1405/1574] 1744888733449282 (RE EQUIL) -> ['PASS', 'FAIL', 'FAIL']
  [1406/1574] 979344201848385 (RE EQUIL) -> ['PASS', 'FAIL', 'FAIL']
  [1407/1574] 1400379285370614 (RE EQUIL) -> ['FAIL', 'FAIL', 'FAIL']
  [1408/1574] 2568030096980618 (RE EQUIL) -> ['FAIL', 'FAIL', 'PASS']
  [1409/1574] 4706119679674378 (RE EQUIL) -> ['FAIL', 'PASS', 'PASS']
  [1410/1574] 1779668923202643 (RE EQUIL) -> ['PASS', 'PASS', 'PASS']
  [1411/1574] 1018265324402115 (RE EQUIL) -> ['PASS', 'PASS', 'PASS']
  [1412/1574] 1369406005273032 (Reginald Men) -> ['PASS', 'PASS', 'FAIL']
  [1413/1574] 1611156087128902 (RE EQUIL) -> ['PASS', 'FAIL', 'PASS']
  [1414/1574] 1766078204617693 (Reginald Men) -> ['PASS', 'FAIL', 'FAIL']
  [1415/1574] 1044066905038079 (RE EQUIL) -> ['PASS', 'FAIL', 'PASS']
  [1416/1574] 1075866338433108 (RE EQUIL) -> ['PASS', 'FAIL', 'PASS']
  [1417/1574] 1067236215790013 (RE EQUIL) -> ['FAIL', 'PASS', 'PASS']
  [1418/1574] 1107930528246423 (RE EQUIL) -> ['PASS', 'PASS', 'FAIL']
  [1419/1574] 1378585817695920 (Reginald Men) -> ['PASS', 'FAIL', 'FAIL']
  [1420/1574] 1406701734714522 (Reginald Men) -> ['PASS', 'FAIL', 'FAIL']
    -- flushed 20 to Supabase --
  [1421/1574] 3549384931881273 (Reginald Men) -> ['PASS', 'FAIL', 'FAIL']
  [1422/1574] 1673465958123423 (Reginald Men) -> ['PASS', 'FAIL', 'FAIL']
  [1423/1574] 3040946522908362 (Reginald Men) -> ['PASS', 'PASS', 'PASS']
  [1424/1574] 1804814424219413 (Reginald Men) -> ['PASS', 'FAIL', 'FAIL']
  [1425/1574] 1749195982867968 (Reginald Men) -> ['PASS', 'FAIL', 'PASS']
  [1426/1574] 1600343374979030 (Reginald Men) -> ['PASS', 'FAIL', 'FAIL']
  [1427/1574] 1047340237890391 (Reginald Men) -> ['PASS', 'PASS', 'PASS']
  [1428/1574] 1721440665800344 (Reginald Men) -> ['PASS', 'FAIL', 'FAIL']
  [1429/1574] 1372746444988767 (Reginald Men) -> ['PASS', 'PASS', 'FAIL']
  [1430/1574] 2238297440278980 (Reginald Men) -> ['PASS', 'FAIL', 'PASS']
  [1431/1574] 1070549539231429 (Reginald Men) -> ['FAIL', 'FAIL', 'FAIL']
  [1432/1574] 1087536133751526 (Reginald Men) -> ['PASS', 'FAIL', 'PASS']
  [1433/1574] 1409215308005485 (Reginald Men) -> ['PASS', 'FAIL', 'FAIL']
  [1434/1574] 860983750314770 (Reginald Men) -> ['FAIL', 'PASS', 'PASS']
  [1435/1574] 955787134205220 (Reginald Men) -> ['PASS', 'PASS', 'FAIL']
  [1436/1574] 1263428099140490 (Reginald Men) -> ['PASS', 'PASS', 'FAIL']
  [1437/1574] 2845128752522094 (Reginald Men) -> ['FAIL', 'FAIL', 'FAIL']
  [1438/1574] 1540910553889832 (Reginald Men) -> ['PASS', 'PASS', 'PASS']
  [1439/1574] 1657571212009828 (Reginald Men) -> ['PASS', 'PASS', 'PASS']
  [1440/1574] 3576600139184271 (Reginald Men) -> ['PASS', 'FAIL', 'PASS']
    -- flushed 20 to Supabase --
  [1441/1574] 2480481252432663 (Reginald Men) -> ['PASS', 'FAIL', 'FAIL']
  [1442/1574] 4525324740946725 (Reginald Men) -> ['FAIL', 'FAIL', 'PASS']
  [1443/1574] 2292733178130831 (Reginald Men) -> ['FAIL', 'PASS', 'PASS']
  [1444/1574] 2038200186839669 (Reginald Men) -> ['PASS', 'FAIL', 'FAIL']
  [1445/1574] 2062892607926751 (Reginald Men) -> ['FAIL', 'FAIL', 'PASS']
  [1446/1574] 2018955536159442 (Reginald Men) -> ['FAIL', 'PASS', 'FAIL']
  [1447/1574] 1699135538057243 (Reginald Men) -> ['FAIL', 'PASS', 'PASS']
  [1448/1574] 1869837157323116 (Reginald Men) -> ['PASS', 'FAIL', 'FAIL']
  [1449/1574] 1366763442280326 (Reginald Men) -> ['FAIL', 'FAIL', 'FAIL']
  [1450/1574] 2147446922501806 (Reginald Men) -> ['PASS', 'PASS', 'FAIL']
  [1451/1574] 1597302528845207 (Reginald Men) -> ['PASS', 'FAIL', 'FAIL']
  [1452/1574] 1062738349731303 (Reginald Men) -> ['PASS', 'FAIL', 'PASS']
  [1453/1574] 1781769609808822 (Reginald Men) -> ['PASS', 'FAIL', 'PASS']
  [1454/1574] 997347579994296 (Reginald Men) -> ['PASS', 'PASS', 'PASS']
  [1455/1574] 1406211854750204 (Reginald Men) -> ['PASS', 'PASS', 'PASS']
  [1456/1574] 2098048567471183 (Reginald Men) -> ['PASS', 'FAIL', 'PASS']
  [1457/1574] 1406869338245659 (Reginald Men) -> ['FAIL', 'PASS', 'FAIL']
  [1458/1574] 1069823712115935 (Reginald Men) -> ['FAIL', 'PASS', 'FAIL']
  [1459/1574] 2080640362537515 (Reginald Men) -> ['PASS', 'PASS', 'PASS']
  [1460/1574] 1349140513956084 (Reginald Men) -> ['PASS', 'FAIL', 'FAIL']
    -- flushed 20 to Supabase --
  [1461/1574] 2847831192282366 (Reginald Men) -> ['PASS', 'FAIL', 'FAIL']
  [1462/1574] 1909764073035980 (Reginald Men) -> ['PASS', 'PASS', 'FAIL']
  [1463/1574] 948706438247749 (Reginald Men) -> ['PASS', 'FAIL', 'FAIL']
  [1464/1574] 2085414245404673 (Reginald Men) -> ['PASS', 'PASS', 'PASS']
  [1465/1574] 1604873271347745 (Personal Touch Skincare) -> ['FAIL', 'FAIL', 'PASS']
  [1466/1574] 1047063991567503 (Reginald Men) -> ['FAIL', 'FAIL', 'PASS']
  [1467/1574] 2064396867780748 (Reginald Men) -> ['PASS', 'PASS', 'PASS']
  [1468/1574] 3028684507499188 (Reginald Men) -> ['PASS', 'FAIL', 'PASS']
  [1469/1574] 2418047588687240 (Reginald Men) -> ['PASS', 'FAIL', 'FAIL']
  [1470/1574] 1725818298708053 (Reginald Men) -> ['PASS', 'FAIL', 'FAIL']
  [1471/1574] 1385693782988695 (Reginald Men) -> ['PASS', 'FAIL', 'FAIL']
  [1472/1574] 1118509700508530 (Reginald Men) -> ['PASS', 'FAIL', 'PASS']
  [1473/1574] 1425555199415846 (Reginald Men) -> ['PASS', 'FAIL', 'FAIL']
  [1474/1574] 1070230685545171 (Personal Touch Skincare) -> ['PASS', 'PASS', 'FAIL']
  [1475/1574] 1054282400322267 (Reginald Men) -> ['PASS', 'FAIL', 'PASS']
  [1476/1574] 1731153208138591 (Reginald Men) -> ['PASS', 'FAIL', 'FAIL']
  [1477/1574] 1590335252533529 (Reginald Men) -> ['PASS', 'FAIL', 'PASS']
  [1478/1574] 1012577015070787 (Reginald Men) -> ['PASS', 'PASS', 'FAIL']
  [1479/1574] 1042793954874843 (Reginald Men) -> ['PASS', 'FAIL', 'PASS']
  [1480/1574] 1571350164732583 (Reginald Men) -> ['PASS', 'FAIL', 'FAIL']
    -- flushed 20 to Supabase --
  [1481/1574] 1596197948832528 (Personal Touch Skincare) -> ['FAIL', 'FAIL', 'PASS']
  [1482/1574] 1411893093668369 (La Shield Sunscreen) -> ['FAIL', 'PASS', 'FAIL']
  [1483/1574] 2105623590312476 (Reginald Men) -> ['PASS', 'FAIL', 'FAIL']
  [1484/1574] 1405823628402083 (Reginald Men) -> ['PASS', 'FAIL', 'PASS']
  [1485/1574] 27833928916309333 (Reginald Men) -> ['PASS', 'PASS', 'FAIL']
  [1486/1574] 1529573015636136 (Reginald Men) -> ['PASS', 'NEEDS_EDIT', 'PASS']
  [1487/1574] 1634755311578671 (Reginald Men) -> ['PASS', 'FAIL', 'PASS']
  [1488/1574] 920591807765379 (Reginald Men) -> ['PASS', 'FAIL', 'FAIL']
  [1489/1574] 1003467762707339 (Personal Touch Skincare) -> ['PASS', 'PASS', 'PASS']
  [1490/1574] 1711152713485785 (Vaseline India) -> ['PASS', 'FAIL', 'PASS']
  [1491/1574] 1613973573775524 (Reginald Men) -> ['PASS', 'FAIL', 'PASS']
  [1492/1574] 1344498327898296 (Reginald Men) -> ['PASS', 'FAIL', 'PASS']
  [1493/1574] 28709858285285804 (Reginald Men) -> ['PASS', 'PASS', 'PASS']
  [1494/1574] 910815805198355 (Reginald Men) -> ['PASS', 'PASS', 'PASS']
  [1495/1574] 962789096854127 (Reginald Men) -> ['FAIL', 'PASS', 'FAIL']
  [1496/1574] 1610579697517241 (Reginald Men) -> ['PASS', 'FAIL', 'FAIL']
  [1497/1574] 927546667090097 (Reginald Men) -> ['PASS', 'FAIL', 'FAIL']
  [1498/1574] 1836551887328597 (Reginald Men) -> ['PASS', 'FAIL', 'FAIL']
  [1499/1574] 1468666835074827 (Reginald Men) -> ['PASS', 'FAIL', 'PASS']
  [1500/1574] 1767776884336478 (Reginald Men) -> ['PASS', 'FAIL', 'PASS']
    -- flushed 20 to Supabase --
  [1501/1574] 1806194673708417 (Neutrogena India) -> ['PASS', 'PASS', 'PASS']
  [1502/1574] 4492072777674177 (Neutrogena India) -> ['PASS', 'PASS', 'PASS']
  [1503/1574] 1595170868655487 (La Shield Sunscreen) -> ['FAIL', 'FAIL', 'PASS']
  [1504/1574] 1909054007171277 (La Shield Sunscreen) -> ['PASS', 'NEEDS_EDIT', 'PASS']
  [1505/1574] 1079389747830526 (La Shield Sunscreen) -> ['PASS', 'FAIL', 'FAIL']
  [1506/1574] 1622055479558867 (La Shield Sunscreen) -> ['PASS', 'FAIL', 'PASS']
  [1507/1574] 1636428877603233 (Cetaphil India) -> ['FAIL', 'FAIL', 'PASS']
  [1508/1574] 1043863824915423 (Cetaphil India) -> ['PASS', 'FAIL', 'PASS']
  [1509/1574] 27183210021352715 (Vaseline India) -> ['FAIL', 'PASS', 'PASS']
  [1510/1574] 2839745826395166 (Personal Touch Skincare) -> ['FAIL', 'PASS', 'PASS']
  [1511/1574] 2213432956118144 (Personal Touch Skincare) -> ['FAIL', 'PASS', 'FAIL']
  [1512/1574] 1752420559099381 (Personal Touch Skincare) -> ['PASS', 'FAIL', 'PASS']
  [1513/1574] 1053005220810191 (Personal Touch Skincare) -> ['FAIL', 'FAIL', 'FAIL']
  [1514/1574] 1051703127364521 (Personal Touch Skincare) -> ['PASS', 'FAIL', 'PASS']
  [1515/1574] 1035617155881628 (Personal Touch Skincare) -> ['PASS', 'NEEDS_EDIT', 'PASS']
  [1516/1574] 1104253362031305 (Personal Touch Skincare) -> ['PASS', 'PASS', 'PASS']
  [1517/1574] 27849283221440275 FAILED: gemini_json failed (tried 2 key(s)): 404 NOT_FOUND. {'error': {'code': 404, 'message': 'This model models/gemini-2.0-flash is no longer available. Please update your code to use models/gemini-3.6-flash for the latest features and improvements. We recommend you to use the Interactions API.', 'status': 'NOT_FOUND'}}
  [1518/1574] 2222618538571857 (Personal Touch Skincare) -> ['PASS', 'FAIL', 'PASS']
  [1519/1574] 2575681962878892 (Vaseline India) -> ['PASS', 'FAIL', 'PASS']
  [1520/1574] 28589462754077141 (Vaseline India) -> ['PASS', 'PASS', 'PASS']
  [1521/1574] 1845475333287319 (Vaseline India) -> ['PASS', 'PASS', 'FAIL']
    -- flushed 20 to Supabase --
  [1522/1574] 2332408704245689 (Vaseline India) -> ['PASS', 'PASS', 'PASS']
  [1523/1574] 1290257343048795 (SunScoop) -> ['FAIL', 'FAIL', 'PASS']
  [1524/1574] 2157288404836931 (SunScoop) -> ['PASS', 'PASS', 'PASS']
  [1525/1574] 1322119936661658 FAILED: gemini_json failed (tried 2 key(s)): 404 NOT_FOUND. {'error': {'code': 404, 'message': 'This model models/gemini-2.0-flash is no longer available. Please update your code to use models/gemini-3.6-flash for the latest features and improvements. We recommend you to use the Interactions API.', 'status': 'NOT_FOUND'}}
  [1526/1574] 1426534196050095 FAILED: gemini_json failed (tried 2 key(s)): 404 NOT_FOUND. {'error': {'code': 404, 'message': 'This model models/gemini-2.0-flash is no longer available. Please update your code to use models/gemini-3.6-flash for the latest features and improvements. We recommend you to use the Interactions API.', 'status': 'NOT_FOUND'}}
  [1527/1574] 1619669706176732 (SunScoop) -> ['PASS', 'FAIL', 'FAIL']
  [1528/1574] 903120979178006 (SunScoop) -> ['FAIL', 'PASS', 'FAIL']
  [1529/1574] 2902563780106438 (SunScoop) -> ['FAIL', 'FAIL', 'FAIL']
  [1530/1574] 1316834677188847 (SunScoop) -> ['PASS', 'FAIL', 'FAIL']
  [1531/1574] 29333665676264996 (SunScoop) -> ['PASS', 'FAIL', 'FAIL']
  [1532/1574] 2114611279452833 (SunScoop) -> ['PASS', 'FAIL', 'FAIL']
  [1533/1574] 933130272963405 (Dermatouch) -> ['FAIL', 'FAIL', 'FAIL']
  [1534/1574] 1540762303967085 (Dermatouch) -> ['NEEDS_EDIT', 'FAIL', 'FAIL']
  [1535/1574] 2054162758500273 (Dermatouch) -> ['PASS', 'PASS', 'FAIL']
  [1536/1574] 1691407478756515 (Dermatouch) -> ['PASS', 'FAIL', 'PASS']
  [1537/1574] 2235208717324416 (Dermatouch) -> ['FAIL', 'PASS', 'PASS']
  [1538/1574] 1019934427479538 (Dermatouch) -> ['PASS', 'FAIL', 'PASS']
  [1539/1574] 930379419506840 (Dermatouch) -> ['PASS', 'PASS', 'PASS']
  [1540/1574] 810570008768738 (Dermatouch) -> ['FAIL', 'FAIL', 'PASS']
  [1541/1574] 4026896330948837 (Dermatouch) -> ['FAIL', 'FAIL', 'NEEDS_EDIT']
  [1542/1574] 960471819826287 (Dermatouch) -> ['PASS', 'FAIL', 'PASS']
  [1543/1574] 2400805560752891 (Dermatouch) -> ['FAIL', 'PASS', 'FAIL']
    -- flushed 20 to Supabase --
  [1544/1574] 1456197945878765 (Dermatouch) -> ['PASS', 'FAIL', 'PASS']
  [1545/1574] 1543030824012800 (Dermatouch) -> ['FAIL', 'PASS', 'PASS']
  [1546/1574] 3186498911522412 (Dermatouch) -> ['PASS', 'NEEDS_EDIT', 'PASS']
  [1547/1574] 1007048585710463 (Dermatouch) -> ['FAIL', 'FAIL', 'FAIL']
  [1548/1574] 1389527299686018 (Dermatouch) -> ['PASS', 'PASS', 'PASS']
  [1549/1574] 1464707235400657 (Dermatouch) -> ['PASS', 'PASS', 'PASS']
  [1550/1574] 945882511417432 (Dermatouch) -> ['PASS', 'PASS', 'FAIL']
  [1551/1574] 1582692472796053 (Dermatouch) -> ['PASS', 'FAIL', 'PASS']
  [1552/1574] 2909947239337342 (Dermatouch) -> ['NEEDS_EDIT', 'PASS', 'PASS']
  [1553/1574] 1486265106497366 (Dermatouch) -> ['PASS', 'FAIL', 'FAIL']
  [1554/1574] 2139133093389899 (Dermatouch) -> ['NEEDS_EDIT', 'PASS', 'FAIL']
  [1555/1574] 1579321960283050 (Dermatouch) -> ['FAIL', 'PASS', 'PASS']
  [1556/1574] 1420029996834625 (Dermatouch) -> ['FAIL', 'FAIL', 'PASS']
  [1557/1574] 1252316487113433 (Dermatouch) -> ['FAIL', 'PASS', 'PASS']
  [1558/1574] 1508098647993384 (Dermatouch) -> ['FAIL', 'FAIL', 'PASS']
  [1559/1574] 1481579453325963 (Dermatouch) -> ['FAIL', 'FAIL', 'PASS']
  [1560/1574] 850905107350444 (Dermatouch) -> ['PASS', 'FAIL', 'FAIL']
  [1561/1574] 1114650851024661 (Lotus Herbals) -> ['PASS', 'PASS', 'PASS']
  [1562/1574] 1766477767924443 (Lotus Herbals) -> ['NEEDS_EDIT', 'PASS', 'FAIL']
  [1563/1574] 29416722947916018 (Lotus Herbals) -> ['NEEDS_EDIT', 'FAIL', 'FAIL']
    -- flushed 20 to Supabase --
  [1564/1574] 1581867206919524 (Lotus Herbals) -> ['FAIL', 'PASS', 'PASS']
  [1565/1574] 1556112346265008 (Lotus Herbals) -> ['NEEDS_EDIT', 'PASS', 'PASS']
  [1566/1574] 2301034667379944 (Lotus Herbals) -> ['PASS', 'PASS', 'PASS']
  [1567/1574] 1093150253106267 (Lotus Herbals) -> ['PASS', 'NEEDS_EDIT', 'PASS']
  [1568/1574] 29091312813803075 (Lotus Herbals) -> ['PASS', 'FAIL', 'FAIL']
  [1569/1574] 3904842159666706 (Lotus Herbals) -> ['PASS', 'FAIL', 'PASS']
  [1570/1574] 4438220483099799 (Lotus Herbals) -> ['FAIL', 'PASS', 'PASS']
  [1571/1574] 2908563192833945 (Lotus Herbals) -> ['FAIL', 'FAIL', 'FAIL']
  [1572/1574] 1741791420431280 (Lotus Herbals) -> ['PASS', 'FAIL', 'PASS']
  [1573/1574] 28380505148268687 (Lotus Herbals) -> ['FAIL', 'FAIL', 'FAIL']
  [1574/1574] 1589502605990538 (Lotus Herbals) -> ['FAIL', 'PASS', 'FAIL']
done: 1571 ok, 3 failed
done
